AUDONTD156N,Month,Year,,,,,,,
1/2/2001,1,2001,5.9825,,,,1,2001,6.123665455
1/3/2001,1,2001,5.9625,,,,2,2001,5.6659075
1/4/2001,1,2001,6.1525,,,,3,2001,5.428396818
1/5/2001,1,2001,6.15125,,,,4,2001,4.984047895
1/8/2001,1,2001,6.12,,,,5,2001,4.972620476
1/9/2001,1,2001,6.11094,,,,6,2001,4.991920476
1/10/2001,1,2001,6.14125,,,,7,2001,4.972429091
1/11/2001,1,2001,6.25,,,,8,2001,4.919375909
1/12/2001,1,2001,6.25,,,,9,2001,4.693829
1/15/2001,1,2001,6.22188,,,,10,2001,4.436168261
1/16/2001,1,2001,6.16844,,,,11,2001,4.420611364
1/17/2001,1,2001,6.1325,,,,12,2001,4.233784737
1/18/2001,1,2001,6.14375,,,,1,2002,4.224332727
1/19/2001,1,2001,6.1225,,,,2,2002,4.248954
1/22/2001,1,2001,6.11875,,,,3,2002,4.22822
1/23/2001,1,2001,6.10344,,,,4,2002,4.243379048
1/24/2001,1,2001,6.13406,,,,5,2002,4.445101818
1/25/2001,1,2001,6.13,,,,6,2002,4.817517778
1/26/2001,1,2001,6.12625,,,,7,2002,4.791426957
1/29/2001,1,2001,6.11,,,,8,2002,4.766592381
1/30/2001,1,2001,6.06813,,,,9,2002,4.75730619
1/31/2001,1,2001,6.02,,,,10,2002,4.75726913
2/1/2001,2,2001,5.9725,,,,11,2002,4.761414762
2/2/2001,2,2001,5.96688,,,,12,2002,4.7644835
2/5/2001,2,2001,5.79313,,,,1,2003,4.750568182
2/6/2001,2,2001,5.67125,,,,2,2003,4.732625
2/7/2001,2,2001,5.59063,,,,3,2003,4.7325
2/8/2001,2,2001,5.59063,,,,4,2003,4.731125
2/9/2001,2,2001,5.52813,,,,5,2003,4.727
2/12/2001,2,2001,5.5125,,,,6,2003,4.703571429
2/13/2001,2,2001,5.55,,,,7,2003,4.738586957
2/14/2001,2,2001,5.63625,,,,8,2003,4.756375
2/15/2001,2,2001,5.6425,,,,9,2003,4.792840909
2/16/2001,2,2001,5.63625,,,,10,2003,4.787934783
2/19/2001,2,2001,5.6175,,,,11,2003,5.005125
2/20/2001,2,2001,5.6225,,,,12,2003,5.337380952
2/21/2001,2,2001,5.60625,,,,1,2004,5.339642857
2/22/2001,2,2001,5.59844,,,,2,2004,5.28225
2/23/2001,2,2001,5.62375,,,,3,2004,5.292608696
2/26/2001,2,2001,5.65906,,,,4,2004,5.402625
2/27/2001,2,2001,5.7625,,,,5,2004,5.322105263
2/28/2001,2,2001,5.7375,,,,6,2004,5.352227273
3/1/2001,3,2001,5.75,,,,7,2004,5.277613636
3/2/2001,3,2001,5.7575,,,,8,2004,5.238928571
3/5/2001,3,2001,5.75,,,,9,2004,5.260568182
3/6/2001,3,2001,5.64375,,,,10,2004,5.246666667
3/7/2001,3,2001,5.47219,,,,11,2004,5.255227273
3/8/2001,3,2001,5.5,,,,12,2004,5.241666667
3/9/2001,3,2001,5.46719,,,,1,2005,5.288875
3/12/2001,3,2001,5.42438,,,,2,2005,5.3075
3/13/2001,3,2001,5.3925,,,,3,2005,5.519047619
3/14/2001,3,2001,5.34219,,,,4,2005,5.5525
3/15/2001,3,2001,5.35938,,,,5,2005,5.563
3/16/2001,3,2001,5.34375,,,,6,2005,5.544431818
3/19/2001,3,2001,5.28063,,,,7,2005,5.526468095
3/20/2001,3,2001,5.295,,,,8,2005,5.507159091
3/21/2001,3,2001,5.28563,,,,9,2005,5.497727273
3/22/2001,3,2001,5.275,,,,10,2005,5.491071429
3/23/2001,3,2001,5.34438,,,,11,2005,5.508181818
3/26/2001,3,2001,5.38438,,,,12,2005,5.503
3/27/2001,3,2001,5.3875,,,,1,2006,5.501785714
3/28/2001,3,2001,5.38,,,,2,2006,5.47925
3/29/2001,3,2001,5.3675,,,,3,2006,5.489565217
3/30/2001,3,2001,5.22188,,,,4,2006,5.4775
4/2/2001,4,2001,5.12875,,,,5,2006,5.681785714
4/3/2001,4,2001,5.08063,,,,6,2006,5.763977273
4/4/2001,4,2001,4.85875,,,,7,2006,5.749047619
4/5/2001,4,2001,4.87375,,,,8,2006,5.982670455
4/6/2001,4,2001,4.90438,,,,9,2006,6.02875
4/9/2001,4,2001,4.88875,,,,10,2006,5.999545455
4/10/2001,4,2001,4.89375,,,,11,2006,6.221761364
4/11/2001,4,2001,4.93625,,,,12,2006,6.241184211
4/12/2001,4,2001,4.96719,,,,1,2007,6.217613636
4/17/2001,4,2001,4.9875,,,,2,2007,6.240125
4/18/2001,4,2001,4.98438,,,,3,2007,6.237045455
4/19/2001,4,2001,4.96438,,,,4,2007,6.206184211
4/20/2001,4,2001,5.01,,,,5,2007,6.185714286
4/23/2001,4,2001,5.0125,,,,6,2007,6.224047619
4/24/2001,4,2001,4.99219,,,,7,2007,6.216590909
4/25/2001,4,2001,5,,,,8,2007,6.484090909
4/26/2001,4,2001,5.0375,,,,9,2007,6.45875
4/27/2001,4,2001,5.08563,,,,10,2007,6.523152174
4/30/2001,4,2001,5.09063,,,,11,2007,6.547045455
5/1/2001,5,2001,4.92625,,,,12,2007,6.100921053
5/2/2001,5,2001,4.96438,,,,1,2008,6.543522727
5/3/2001,5,2001,4.93156,,,,2,2008,6.975238095
5/4/2001,5,2001,4.9425,,,,3,2008,7.234210526
5/8/2001,5,2001,4.93938,,,,4,2008,7.161590909
5/9/2001,5,2001,4.92438,,,,5,2008,7.144
5/10/2001,5,2001,4.94688,,,,6,2008,7.216428571
5/11/2001,5,2001,4.94625,,,,7,2008,7.26126087
5/14/2001,5,2001,5,,,,8,2008,7.2195
5/15/2001,5,2001,5.0125,,,,9,2008,7.046704545
5/16/2001,5,2001,5.0025,,,,10,2008,7.028804348
5/17/2001,5,2001,4.99219,,,,11,2008,5.6675
5/18/2001,5,2001,5,,,,12,2008,4.947142857
5/21/2001,5,2001,4.98438,,,,1,2009,4.6825
5/22/2001,5,2001,4.99219,,,,2,2009,3.743125
5/23/2001,5,2001,4.99,,,,3,2009,3.373295455
5/24/2001,5,2001,4.96719,,,,4,2009,3.185875
5/25/2001,5,2001,5,,,,5,2009,3.050526316
5/29/2001,5,2001,4.98,,,,6,2009,3.12125
5/30/2001,5,2001,4.9675,,,,7,2009,3.019130435
5/31/2001,5,2001,5.015,,,,8,2009,3.0545
6/1/2001,6,2001,5.02,,,,9,2009,3.018295455
6/4/2001,6,2001,5,,,,10,2009,3.212727273
6/5/2001,6,2001,4.96,,,,11,2009,3.541071429
6/6/2001,6,2001,4.96,,,,12,2009,3.866904762
6/7/2001,6,2001,4.975,,,,1,2010,3.800875
6/8/2001,6,2001,4.9575,,,,2,2010,3.8075
6/11/2001,6,2001,4.9475,,,,3,2010,3.951195652
6/12/2001,6,2001,4.9375,,,,4,2010,4.252375
6/13/2001,6,2001,4.9425,,,,5,2010,4.541184211
6/14/2001,6,2001,4.975,,,,6,2010,4.567613636
6/15/2001,6,2001,4.98,,,,7,2010,4.597727273
6/18/2001,6,2001,4.9875,,,,8,2010,4.567380952
6/19/2001,6,2001,4.97969,,,,9,2010,4.552954545
6/20/2001,6,2001,4.98469,,,,10,2010,4.505357143
6/21/2001,6,2001,4.98719,,,,11,2010,4.738068182
6/22/2001,6,2001,5,,,,12,2010,4.845119048
6/25/2001,6,2001,5,,,,1,2011,4.839125
6/26/2001,6,2001,5.0025,,,,2,2011,4.774375
6/27/2001,6,2001,5.0825,,,,3,2011,4.741847826
6/28/2001,6,2001,5.08313,,,,4,2011,4.755486111
6/29/2001,6,2001,5.06813,,,,5,2011,4.749125
7/2/2001,7,2001,5,,,,6,2011,4.748977273
7/3/2001,7,2001,5,,,,7,2011,4.750297619
7/4/2001,7,2001,4.9925,,,,8,2011,4.809477273
7/5/2001,7,2001,5,,,,9,2011,4.818988636
7/6/2001,7,2001,4.98719,,,,10,2011,4.83702381
7/9/2001,7,2001,4.9925,,,,11,2011,4.6075
7/10/2001,7,2001,4.9575,,,,12,2011,4.46215
7/11/2001,7,2001,4.94906,,,,1,2012,4.424857143
7/12/2001,7,2001,4.93844,,,,2,2012,4.409428571
7/13/2001,7,2001,4.94,,,,3,2012,4.410909091
7/16/2001,7,2001,4.90156,,,,4,2012,4.395263158
7/17/2001,7,2001,4.90906,,,,5,2012,3.907454545
7/18/2001,7,2001,4.92,,,,6,2012,3.706736842
7/19/2001,7,2001,5,,,,7,2012,3.642454545
7/20/2001,7,2001,4.9925,,,,8,2012,3.570727273
7/23/2001,7,2001,4.99219,,,,9,2012,3.5665
7/24/2001,7,2001,5,,,,10,2012,3.271391304
7/25/2001,7,2001,4.98719,,,,11,2012,3.191909091
7/26/2001,7,2001,4.98469,,,,12,2012,3.018526316
7/27/2001,7,2001,4.9975,,,,1,2013,3.004545455
7/30/2001,7,2001,5,,,,2,2013,3.0025
7/31/2001,7,2001,4.95156,,,,3,2013,2.9686
8/1/2001,8,2001,4.93375,,,,4,2013,2.974
8/2/2001,8,2001,4.90906,,,,5,2013,2.793904762
8/3/2001,8,2001,4.91094,,,,6,2013,#DIV/0!
8/6/2001,8,2001,4.91844,,,,7,2013,#DIV/0!
8/7/2001,8,2001,4.92375,,,,8,2013,#DIV/0!
8/8/2001,8,2001,4.91844,,,,9,2013,#DIV/0!
8/9/2001,8,2001,4.9525,,,,10,2013,#DIV/0!
8/10/2001,8,2001,4.945,,,,11,2013,#DIV/0!
8/13/2001,8,2001,4.92344,,,,12,2013,#DIV/0!
8/14/2001,8,2001,4.93938,,,,,,
8/15/2001,8,2001,4.8675,,,,,,
8/16/2001,8,2001,4.875,,,,,,
8/17/2001,8,2001,4.88875,,,,,,
8/20/2001,8,2001,4.84875,,,,,,
8/21/2001,8,2001,4.90156,,,,,,
8/22/2001,8,2001,4.8875,,,,,,
8/23/2001,8,2001,4.8875,,,,,,
8/24/2001,8,2001,4.89375,,,,,,
8/28/2001,8,2001,4.95688,,,,,,
8/29/2001,8,2001,5,,,,,,
8/30/2001,8,2001,5,,,,,,
8/31/2001,8,2001,4.94438,,,,,,
9/3/2001,9,2001,4.96875,,,,,,
9/4/2001,9,2001,4.91063,,,,,,
9/5/2001,9,2001,4.77031,,,,,,
9/6/2001,9,2001,4.755,,,,,,
9/7/2001,9,2001,4.75,,,,,,
9/10/2001,9,2001,4.725,,,,,,
9/11/2001,9,2001,4.62781,,,,,,
9/12/2001,9,2001,4.94375,,,,,,
9/13/2001,9,2001,4.89375,,,,,,
9/14/2001,9,2001,4.67,,,,,,
9/17/2001,9,2001,4.4325,,,,,,
9/18/2001,9,2001,4.5125,,,,,,
9/19/2001,9,2001,4.475,,,,,,
9/20/2001,9,2001,4.67313,,,,,,
9/21/2001,9,2001,4.60063,,,,,,
9/24/2001,9,2001,4.63,,,,,,
9/25/2001,9,2001,4.62,,,,,,
9/26/2001,9,2001,4.67938,,,,,,
9/27/2001,9,2001,4.66344,,,,,,
9/28/2001,9,2001,4.575,,,,,,
10/1/2001,10,2001,4.5175,,,,,,
10/2/2001,10,2001,4.43344,,,,,,
10/3/2001,10,2001,4.42438,,,,,,
10/4/2001,10,2001,4.39625,,,,,,
10/5/2001,10,2001,4.395,,,,,,
10/8/2001,10,2001,4.4875,,,,,,
10/9/2001,10,2001,4.5,,,,,,
10/10/2001,10,2001,4.475,,,,,,
10/11/2001,10,2001,4.4625,,,,,,
10/12/2001,10,2001,4.495,,,,,,
10/15/2001,10,2001,4.46688,,,,,,
10/16/2001,10,2001,4.44438,,,,,,
10/17/2001,10,2001,4.42656,,,,,,
10/18/2001,10,2001,4.41656,,,,,,
10/19/2001,10,2001,4.4325,,,,,,
10/22/2001,10,2001,4.41906,,,,,,
10/23/2001,10,2001,4.41656,,,,,,
10/24/2001,10,2001,4.40406,,,,,,
10/25/2001,10,2001,4.40656,,,,,,
10/26/2001,10,2001,4.40656,,,,,,
10/29/2001,10,2001,4.41156,,,,,,
10/30/2001,10,2001,4.40156,,,,,,
10/31/2001,10,2001,4.3925,,,,,,
11/1/2001,11,2001,4.3875,,,,,,
11/2/2001,11,2001,4.3875,,,,,,
11/5/2001,11,2001,4.3575,,,,,,
11/6/2001,11,2001,4.34063,,,,,,
11/7/2001,11,2001,4.3625,,,,,,
11/8/2001,11,2001,4.40406,,,,,,
11/9/2001,11,2001,4.40906,,,,,,
11/12/2001,11,2001,4.40406,,,,,,
11/13/2001,11,2001,4.45438,,,,,,
11/14/2001,11,2001,4.47188,,,,,,
11/15/2001,11,2001,4.4925,,,,,,
11/16/2001,11,2001,4.5,,,,,,
11/19/2001,11,2001,4.5,,,,,,
11/20/2001,11,2001,4.5,,,,,,
11/21/2001,11,2001,4.5,,,,,,
11/22/2001,11,2001,4.4875,,,,,,
11/23/2001,11,2001,4.42188,,,,,,
11/26/2001,11,2001,4.375,,,,,,
11/27/2001,11,2001,4.365,,,,,,
11/28/2001,11,2001,4.35625,,,,,,
11/29/2001,11,2001,4.3875,,,,,,
11/30/2001,11,2001,4.38875,,,,,,
12/3/2001,12,2001,4.30563,,,,,,
12/4/2001,12,2001,4.25,,,,,,
12/5/2001,12,2001,4.15313,,,,,,
12/6/2001,12,2001,4.15438,,,,,,
12/7/2001,12,2001,4.1025,,,,,,
12/10/2001,12,2001,4.11625,,,,,,
12/11/2001,12,2001,4.15,,,,,,
12/12/2001,12,2001,4.2125,,,,,,
12/13/2001,12,2001,4.26531,,,,,,
12/14/2001,12,2001,4.30625,,,,,,
12/17/2001,12,2001,4.33813,,,,,,
12/18/2001,12,2001,4.33563,,,,,,
12/19/2001,12,2001,4.35469,,,,,,
12/20/2001,12,2001,4.27813,,,,,,
12/21/2001,12,2001,4.2325,,,,,,
12/24/2001,12,2001,4.21219,,,,,,
12/27/2001,12,2001,4.225,,,,,,
12/28/2001,12,2001,4.225,,,,,,
12/31/2001,12,2001,4.22469,,,,,,
1/2/2002,1,2002,4.11406,,,,,,
1/3/2002,1,2002,4.105,,,,,,
1/4/2002,1,2002,4.12094,,,,,,
1/7/2002,1,2002,4.14375,,,,,,
1/8/2002,1,2002,4.25,,,,,,
1/9/2002,1,2002,4.2775,,,,,,
1/10/2002,1,2002,4.30563,,,,,,
1/11/2002,1,2002,4.285,,,,,,
1/14/2002,1,2002,4.245,,,,,,
1/15/2002,1,2002,4.25,,,,,,
1/16/2002,1,2002,4.225,,,,,,
1/17/2002,1,2002,4.235,,,,,,
1/18/2002,1,2002,4.2425,,,,,,
1/21/2002,1,2002,4.23719,,,,,,
1/22/2002,1,2002,4.21469,,,,,,
1/23/2002,1,2002,4.20156,,,,,,
1/24/2002,1,2002,4.245,,,,,,
1/25/2002,1,2002,4.25,,,,,,
1/28/2002,1,2002,4.25,,,,,,
1/29/2002,1,2002,4.2425,,,,,,
1/30/2002,1,2002,4.25,,,,,,
1/31/2002,1,2002,4.245,,,,,,
2/1/2002,2,2002,4.245,,,,,,
2/4/2002,2,2002,4.225,,,,,,
2/5/2002,2,2002,4.19656,,,,,,
2/6/2002,2,2002,4.20938,,,,,,
2/7/2002,2,2002,4.22188,,,,,,
2/8/2002,2,2002,4.225,,,,,,
2/11/2002,2,2002,4.2125,,,,,,
2/12/2002,2,2002,4.20438,,,,,,
2/13/2002,2,2002,4.215,,,,,,
2/14/2002,2,2002,4.23719,,,,,,
2/15/2002,2,2002,4.23719,,,,,,
2/18/2002,2,2002,4.2425,,,,,,
2/19/2002,2,2002,4.27313,,,,,,
2/20/2002,2,2002,4.42031,,,,,,
2/21/2002,2,2002,4.36125,,,,,,
2/22/2002,2,2002,4.25781,,,,,,
2/25/2002,2,2002,4.25,,,,,,
2/26/2002,2,2002,4.25,,,,,,
2/27/2002,2,2002,4.25,,,,,,
2/28/2002,2,2002,4.245,,,,,,
3/1/2002,3,2002,4.24219,,,,,,
3/4/2002,3,2002,4.25,,,,,,
3/5/2002,3,2002,4.25,,,,,,
3/6/2002,3,2002,4.2525,,,,,,
3/7/2002,3,2002,4.25,,,,,,
3/8/2002,3,2002,4.25,,,,,,
3/11/2002,3,2002,4.23219,,,,,,
3/12/2002,3,2002,4.18688,,,,,,
3/13/2002,3,2002,4.21219,,,,,,
3/14/2002,3,2002,4.245,,,,,,
3/15/2002,3,2002,4.2275,,,,,,
3/18/2002,3,2002,4.245,,,,,,
3/19/2002,3,2002,4.22969,,,,,,
3/20/2002,3,2002,4.19188,,,,,,
3/21/2002,3,2002,4.18875,,,,,,
3/22/2002,3,2002,4.18875,,,,,,
3/25/2002,3,2002,4.20469,,,,,,
3/26/2002,3,2002,4.25781,,,,,,
3/27/2002,3,2002,4.24219,,,,,,
3/28/2002,3,2002,4.21719,,,,,,
4/2/2002,4,2002,4.31875,,,,,,
4/3/2002,4,2002,4.24,,,,,,
4/4/2002,4,2002,4.24219,,,,,,
4/5/2002,4,2002,4.23469,,,,,,
4/8/2002,4,2002,4.25,,,,,,
4/9/2002,4,2002,4.2425,,,,,,
4/10/2002,4,2002,4.2325,,,,,,
4/11/2002,4,2002,4.22219,,,,,,
4/12/2002,4,2002,4.22719,,,,,,
4/15/2002,4,2002,4.19,,,,,,
4/16/2002,4,2002,4.19188,,,,,,
4/17/2002,4,2002,4.19188,,,,,,
4/18/2002,4,2002,4.1975,,,,,,
4/19/2002,4,2002,4.25,,,,,,
4/22/2002,4,2002,4.27531,,,,,,
4/23/2002,4,2002,4.28063,,,,,,
4/24/2002,4,2002,4.26531,,,,,,
4/25/2002,4,2002,4.27313,,,,,,
4/26/2002,4,2002,4.25,,,,,,
4/29/2002,4,2002,4.27281,,,,,,
4/30/2002,4,2002,4.2625,,,,,,
5/1/2002,5,2002,4.25,,,,,,
5/2/2002,5,2002,4.25,,,,,,
5/3/2002,5,2002,4.30313,,,,,,
5/7/2002,5,2002,4.40438,,,,,,
5/8/2002,5,2002,4.42938,,,,,,
5/9/2002,5,2002,4.43688,,,,,,
5/10/2002,5,2002,4.42188,,,,,,
5/13/2002,5,2002,4.43938,,,,,,
5/14/2002,5,2002,4.445,,,,,,
5/15/2002,5,2002,4.43688,,,,,,
5/16/2002,5,2002,4.47,,,,,,
5/17/2002,5,2002,4.47219,,,,,,
5/20/2002,5,2002,4.4675,,,,,,
5/21/2002,5,2002,4.46719,,,,,,
5/22/2002,5,2002,4.43125,,,,,,
5/23/2002,5,2002,4.44438,,,,,,
5/24/2002,5,2002,4.47,,,,,,
5/27/2002,5,2002,4.475,,,,,,
5/28/2002,5,2002,4.495,,,,,,
5/29/2002,5,2002,4.5,,,,,,
5/30/2002,5,2002,4.57844,,,,,,
5/31/2002,5,2002,4.70438,,,,,,
6/5/2002,6,2002,4.7375,,,,,,
6/6/2002,6,2002,4.75,,,,,,
6/7/2002,6,2002,4.75,,,,,,
6/10/2002,6,2002,4.75,,,,,,
6/11/2002,6,2002,4.7525,,,,,,
6/12/2002,6,2002,4.7525,,,,,,
6/13/2002,6,2002,4.78031,,,,,,
6/14/2002,6,2002,4.83063,,,,,,
6/17/2002,6,2002,4.8025,,,,,,
6/18/2002,6,2002,4.81125,,,,,,
6/19/2002,6,2002,4.78281,,,,,,
6/20/2002,6,2002,4.78531,,,,,,
6/21/2002,6,2002,4.78781,,,,,,
6/24/2002,6,2002,4.83563,,,,,,
6/25/2002,6,2002,4.91188,,,,,,
6/26/2002,6,2002,4.9325,,,,,,
6/27/2002,6,2002,4.9775,,,,,,
6/28/2002,6,2002,4.98469,,,,,,
7/1/2002,7,2002,4.95719,,,,,,
7/2/2002,7,2002,5,,,,,,
7/3/2002,7,2002,4.88875,,,,,,
7/4/2002,7,2002,4.95,,,,,,
7/5/2002,7,2002,4.83594,,,,,,
7/8/2002,7,2002,4.75,,,,,,
7/9/2002,7,2002,4.75,,,,,,
7/10/2002,7,2002,4.735,,,,,,
7/11/2002,7,2002,4.77,,,,,,
7/12/2002,7,2002,4.81313,,,,,,
7/15/2002,7,2002,4.775,,,,,,
7/16/2002,7,2002,4.75,,,,,,
7/17/2002,7,2002,4.75,,,,,,
7/18/2002,7,2002,4.745,,,,,,
7/19/2002,7,2002,4.745,,,,,,
7/22/2002,7,2002,4.745,,,,,,
7/23/2002,7,2002,4.745,,,,,,
7/24/2002,7,2002,4.73,,,,,,
7/25/2002,7,2002,4.735,,,,,,
7/26/2002,7,2002,4.7575,,,,,,
7/29/2002,7,2002,4.745,,,,,,
7/30/2002,7,2002,4.75,,,,,,
7/31/2002,7,2002,4.78031,,,,,,
8/1/2002,8,2002,4.80875,,,,,,
8/2/2002,8,2002,4.75,,,,,,
8/5/2002,8,2002,4.7575,,,,,,
8/6/2002,8,2002,4.7625,,,,,,
8/7/2002,8,2002,4.75,,,,,,
8/8/2002,8,2002,4.75,,,,,,
8/9/2002,8,2002,4.71719,,,,,,
8/12/2002,8,2002,4.7575,,,,,,
8/13/2002,8,2002,4.7625,,,,,,
8/14/2002,8,2002,4.75,,,,,,
8/15/2002,8,2002,4.75,,,,,,
8/16/2002,8,2002,4.7775,,,,,,
8/19/2002,8,2002,4.79281,,,,,,
8/20/2002,8,2002,4.77,,,,,,
8/21/2002,8,2002,4.78563,,,,,,
8/22/2002,8,2002,4.77781,,,,,,
8/23/2002,8,2002,4.7625,,,,,,
8/27/2002,8,2002,4.75,,,,,,
8/28/2002,8,2002,4.78531,,,,,,
8/29/2002,8,2002,4.79531,,,,,,
8/30/2002,8,2002,4.78563,,,,,,
9/2/2002,9,2002,4.7625,,,,,,
9/3/2002,9,2002,4.75,,,,,,
9/4/2002,9,2002,4.75,,,,,,
9/5/2002,9,2002,4.755,,,,,,
9/6/2002,9,2002,4.755,,,,,,
9/9/2002,9,2002,4.775,,,,,,
9/10/2002,9,2002,4.775,,,,,,
9/11/2002,9,2002,4.77281,,,,,,
9/12/2002,9,2002,4.77281,,,,,,
9/13/2002,9,2002,4.79531,,,,,,
9/16/2002,9,2002,4.77031,,,,,,
9/17/2002,9,2002,4.75,,,,,,
9/18/2002,9,2002,4.775,,,,,,
9/19/2002,9,2002,4.75,,,,,,
9/20/2002,9,2002,4.72,,,,,,
9/23/2002,9,2002,4.75,,,,,,
9/24/2002,9,2002,4.73719,,,,,,
9/25/2002,9,2002,4.73719,,,,,,
9/26/2002,9,2002,4.75781,,,,,,
9/27/2002,9,2002,4.75,,,,,,
9/30/2002,9,2002,4.7425,,,,,,
10/1/2002,10,2002,4.75,,,,,,
10/2/2002,10,2002,4.75,,,,,,
10/3/2002,10,2002,4.75,,,,,,
10/4/2002,10,2002,4.75,,,,,,
10/7/2002,10,2002,4.75,,,,,,
10/8/2002,10,2002,4.75,,,,,,
10/9/2002,10,2002,4.79063,,,,,,
10/10/2002,10,2002,4.75,,,,,,
10/11/2002,10,2002,4.7625,,,,,,
10/14/2002,10,2002,4.77031,,,,,,
10/15/2002,10,2002,4.75,,,,,,
10/16/2002,10,2002,4.75,,,,,,
10/17/2002,10,2002,4.79063,,,,,,
10/18/2002,10,2002,4.7525,,,,,,
10/21/2002,10,2002,4.76531,,,,,,
10/22/2002,10,2002,4.765,,,,,,
10/23/2002,10,2002,4.75,,,,,,
10/24/2002,10,2002,4.75,,,,,,
10/25/2002,10,2002,4.75,,,,,,
10/28/2002,10,2002,4.75,,,,,,
10/29/2002,10,2002,4.75,,,,,,
10/30/2002,10,2002,4.76531,,,,,,
10/31/2002,10,2002,4.755,,,,,,
11/1/2002,11,2002,4.71,,,,,,
11/4/2002,11,2002,4.71,,,,,,
11/5/2002,11,2002,4.70438,,,,,,
11/6/2002,11,2002,4.7125,,,,,,
11/7/2002,11,2002,4.71219,,,,,,
11/8/2002,11,2002,4.735,,,,,,
11/11/2002,11,2002,4.75,,,,,,
11/12/2002,11,2002,4.75,,,,,,
11/13/2002,11,2002,4.745,,,,,,
11/14/2002,11,2002,4.75,,,,,,
11/15/2002,11,2002,4.75,,,,,,
11/18/2002,11,2002,4.7525,,,,,,
11/19/2002,11,2002,4.7625,,,,,,
11/20/2002,11,2002,4.79781,,,,,,
11/21/2002,11,2002,4.80563,,,,,,
11/22/2002,11,2002,4.8025,,,,,,
11/25/2002,11,2002,4.81813,,,,,,
11/26/2002,11,2002,4.81375,,,,,,
11/27/2002,11,2002,4.80313,,,,,,
11/28/2002,11,2002,4.81906,,,,,,
11/29/2002,11,2002,4.78563,,,,,,
12/2/2002,12,2002,4.77,,,,,,
12/3/2002,12,2002,4.78031,,,,,,
12/4/2002,12,2002,4.78531,,,,,,
12/5/2002,12,2002,4.7725,,,,,,
12/6/2002,12,2002,4.77031,,,,,,
12/9/2002,12,2002,4.7725,,,,,,
12/10/2002,12,2002,4.7725,,,,,,
12/11/2002,12,2002,4.7575,,,,,,
12/12/2002,12,2002,4.7575,,,,,,
12/13/2002,12,2002,4.75,,,,,,
12/16/2002,12,2002,4.75031,,,,,,
12/17/2002,12,2002,4.75,,,,,,
12/18/2002,12,2002,4.7425,,,,,,
12/19/2002,12,2002,4.75,,,,,,
12/20/2002,12,2002,4.75,,,,,,
12/23/2002,12,2002,4.78781,,,,,,
12/24/2002,12,2002,4.79031,,,,,,
12/27/2002,12,2002,4.7775,,,,,,
12/30/2002,12,2002,4.75781,,,,,,
12/31/2002,12,2002,4.745,,,,,,
1/2/2003,1,2003,4.7325,,,,,,
1/3/2003,1,2003,4.7325,,,,,,
1/6/2003,1,2003,4.73,,,,,,
1/7/2003,1,2003,4.725,,,,,,
1/8/2003,1,2003,4.7575,,,,,,
1/9/2003,1,2003,4.755,,,,,,
1/10/2003,1,2003,4.755,,,,,,
1/13/2003,1,2003,4.75,,,,,,
1/14/2003,1,2003,4.75,,,,,,
1/15/2003,1,2003,4.755,,,,,,
1/16/2003,1,2003,4.7525,,,,,,
1/17/2003,1,2003,4.75,,,,,,
1/20/2003,1,2003,4.75,,,,,,
1/21/2003,1,2003,4.75,,,,,,
1/22/2003,1,2003,4.75,,,,,,
1/23/2003,1,2003,4.75,,,,,,
1/24/2003,1,2003,4.745,,,,,,
1/27/2003,1,2003,4.75,,,,,,
1/28/2003,1,2003,4.755,,,,,,
1/29/2003,1,2003,4.77,,,,,,
1/30/2003,1,2003,4.775,,,,,,
1/31/2003,1,2003,4.7725,,,,,,
2/3/2003,2,2003,4.77,,,,,,
2/4/2003,2,2003,4.755,,,,,,
2/5/2003,2,2003,4.7525,,,,,,
2/6/2003,2,2003,4.75,,,,,,
2/7/2003,2,2003,4.75,,,,,,
2/10/2003,2,2003,4.73,,,,,,
2/11/2003,2,2003,4.7075,,,,,,
2/12/2003,2,2003,4.705,,,,,,
2/13/2003,2,2003,4.7175,,,,,,
2/14/2003,2,2003,4.7275,,,,,,
2/17/2003,2,2003,4.75,,,,,,
2/18/2003,2,2003,4.71,,,,,,
2/19/2003,2,2003,4.6925,,,,,,
2/20/2003,2,2003,4.7,,,,,,
2/21/2003,2,2003,4.7225,,,,,,
2/24/2003,2,2003,4.7275,,,,,,
2/25/2003,2,2003,4.73,,,,,,
2/26/2003,2,2003,4.755,,,,,,
2/27/2003,2,2003,4.75,,,,,,
2/28/2003,2,2003,4.75,,,,,,
3/3/2003,3,2003,4.7275,,,,,,
3/4/2003,3,2003,4.7275,,,,,,
3/5/2003,3,2003,4.75,,,,,,
3/6/2003,3,2003,4.75,,,,,,
3/7/2003,3,2003,4.75,,,,,,
3/10/2003,3,2003,4.75,,,,,,
3/11/2003,3,2003,4.745,,,,,,
3/12/2003,3,2003,4.75,,,,,,
3/13/2003,3,2003,4.7675,,,,,,
3/14/2003,3,2003,4.7775,,,,,,
3/17/2003,3,2003,4.75,,,,,,
3/18/2003,3,2003,4.745,,,,,,
3/19/2003,3,2003,4.735,,,,,,
3/20/2003,3,2003,4.705,,,,,,
3/21/2003,3,2003,4.6575,,,,,,
3/24/2003,3,2003,4.65,,,,,,
3/25/2003,3,2003,4.7075,,,,,,
3/26/2003,3,2003,4.7425,,,,,,
3/27/2003,3,2003,4.75,,,,,,
3/28/2003,3,2003,4.75,,,,,,
3/31/2003,3,2003,4.695,,,,,,
4/1/2003,4,2003,4.7025,,,,,,
4/2/2003,4,2003,4.73,,,,,,
4/3/2003,4,2003,4.74,,,,,,
4/4/2003,4,2003,4.7375,,,,,,
4/7/2003,4,2003,4.745,,,,,,
4/8/2003,4,2003,4.72,,,,,,
4/9/2003,4,2003,4.725,,,,,,
4/10/2003,4,2003,4.7375,,,,,,
4/11/2003,4,2003,4.75,,,,,,
4/14/2003,4,2003,4.75,,,,,,
4/15/2003,4,2003,4.75,,,,,,
4/16/2003,4,2003,4.7475,,,,,,
4/17/2003,4,2003,4.7375,,,,,,
4/22/2003,4,2003,4.725,,,,,,
4/23/2003,4,2003,4.74,,,,,,
4/24/2003,4,2003,4.73,,,,,,
4/25/2003,4,2003,4.7175,,,,,,
4/28/2003,4,2003,4.7075,,,,,,
4/29/2003,4,2003,4.7225,,,,,,
4/30/2003,4,2003,4.7075,,,,,,
5/1/2003,5,2003,4.705,,,,,,
5/2/2003,5,2003,4.7175,,,,,,
5/6/2003,5,2003,4.6775,,,,,,
5/7/2003,5,2003,4.6675,,,,,,
5/8/2003,5,2003,4.75,,,,,,
5/9/2003,5,2003,4.72,,,,,,
5/12/2003,5,2003,4.7275,,,,,,
5/13/2003,5,2003,4.74,,,,,,
5/14/2003,5,2003,4.75,,,,,,
5/15/2003,5,2003,4.75,,,,,,
5/16/2003,5,2003,4.76,,,,,,
5/19/2003,5,2003,4.75,,,,,,
5/20/2003,5,2003,4.7475,,,,,,
5/21/2003,5,2003,4.7375,,,,,,
5/22/2003,5,2003,4.7375,,,,,,
5/23/2003,5,2003,4.735,,,,,,
5/27/2003,5,2003,4.7275,,,,,,
5/28/2003,5,2003,4.7175,,,,,,
5/29/2003,5,2003,4.7225,,,,,,
5/30/2003,5,2003,4.7,,,,,,
6/2/2003,6,2003,4.665,,,,,,
6/3/2003,6,2003,4.665,,,,,,
6/4/2003,6,2003,4.6725,,,,,,
6/5/2003,6,2003,4.7,,,,,,
6/6/2003,6,2003,4.7,,,,,,
6/9/2003,6,2003,4.695,,,,,,
6/10/2003,6,2003,4.68,,,,,,
6/11/2003,6,2003,4.6675,,,,,,
6/12/2003,6,2003,4.68,,,,,,
6/13/2003,6,2003,4.695,,,,,,
6/16/2003,6,2003,4.695,,,,,,
6/17/2003,6,2003,4.72,,,,,,
6/18/2003,6,2003,4.7275,,,,,,
6/19/2003,6,2003,4.73,,,,,,
6/20/2003,6,2003,4.7225,,,,,,
6/23/2003,6,2003,4.725,,,,,,
6/24/2003,6,2003,4.73,,,,,,
6/25/2003,6,2003,4.755,,,,,,
6/26/2003,6,2003,4.745,,,,,,
6/27/2003,6,2003,4.7575,,,,,,
6/30/2003,6,2003,4.6475,,,,,,
7/1/2003,7,2003,4.6425,,,,,,
7/2/2003,7,2003,4.73,,,,,,
7/3/2003,7,2003,4.74,,,,,,
7/4/2003,7,2003,4.735,,,,,,
7/7/2003,7,2003,4.7275,,,,,,
7/8/2003,7,2003,4.75,,,,,,
7/9/2003,7,2003,4.75,,,,,,
7/10/2003,7,2003,4.755,,,,,,
7/11/2003,7,2003,4.75,,,,,,
7/14/2003,7,2003,4.7725,,,,,,
7/15/2003,7,2003,4.7275,,,,,,
7/16/2003,7,2003,4.7525,,,,,,
7/17/2003,7,2003,4.755,,,,,,
7/18/2003,7,2003,4.755,,,,,,
7/21/2003,7,2003,4.75,,,,,,
7/22/2003,7,2003,4.75,,,,,,
7/23/2003,7,2003,4.7475,,,,,,
7/24/2003,7,2003,4.7125,,,,,,
7/25/2003,7,2003,4.73,,,,,,
7/28/2003,7,2003,4.73,,,,,,
7/29/2003,7,2003,4.73,,,,,,
7/30/2003,7,2003,4.76,,,,,,
7/31/2003,7,2003,4.735,,,,,,
8/1/2003,8,2003,4.74,,,,,,
8/4/2003,8,2003,4.72,,,,,,
8/5/2003,8,2003,4.72,,,,,,
8/6/2003,8,2003,4.7175,,,,,,
8/7/2003,8,2003,4.7075,,,,,,
8/8/2003,8,2003,4.725,,,,,,
8/11/2003,8,2003,4.7475,,,,,,
8/12/2003,8,2003,4.75,,,,,,
8/13/2003,8,2003,4.7475,,,,,,
8/14/2003,8,2003,4.75,,,,,,
8/15/2003,8,2003,4.75,,,,,,
8/18/2003,8,2003,4.7975,,,,,,
8/19/2003,8,2003,4.885,,,,,,
8/20/2003,8,2003,4.8725,,,,,,
8/21/2003,8,2003,4.8,,,,,,
8/22/2003,8,2003,4.7575,,,,,,
8/26/2003,8,2003,4.7425,,,,,,
8/27/2003,8,2003,4.735,,,,,,
8/28/2003,8,2003,4.735,,,,,,
8/29/2003,8,2003,4.7275,,,,,,
9/1/2003,9,2003,4.745,,,,,,
9/2/2003,9,2003,4.7725,,,,,,
9/3/2003,9,2003,4.86,,,,,,
9/4/2003,9,2003,4.8375,,,,,,
9/5/2003,9,2003,4.8225,,,,,,
9/8/2003,9,2003,4.8275,,,,,,
9/9/2003,9,2003,4.845,,,,,,
9/10/2003,9,2003,4.8,,,,,,
9/11/2003,9,2003,4.7575,,,,,,
9/12/2003,9,2003,4.785,,,,,,
9/15/2003,9,2003,4.77,,,,,,
9/16/2003,9,2003,4.7775,,,,,,
9/17/2003,9,2003,4.78,,,,,,
9/18/2003,9,2003,4.8025,,,,,,
9/19/2003,9,2003,4.8,,,,,,
9/22/2003,9,2003,4.7875,,,,,,
9/23/2003,9,2003,4.79,,,,,,
9/24/2003,9,2003,4.7725,,,,,,
9/25/2003,9,2003,4.7725,,,,,,
9/26/2003,9,2003,4.7875,,,,,,
9/29/2003,9,2003,4.7725,,,,,,
9/30/2003,9,2003,4.7775,,,,,,
10/1/2003,10,2003,4.7525,,,,,,
10/2/2003,10,2003,4.7675,,,,,,
10/3/2003,10,2003,4.7575,,,,,,
10/6/2003,10,2003,4.7775,,,,,,
10/7/2003,10,2003,4.76,,,,,,
10/8/2003,10,2003,4.7475,,,,,,
10/9/2003,10,2003,4.7625,,,,,,
10/10/2003,10,2003,4.79,,,,,,
10/13/2003,10,2003,4.8475,,,,,,
10/14/2003,10,2003,4.8425,,,,,,
10/15/2003,10,2003,4.7725,,,,,,
10/16/2003,10,2003,4.7775,,,,,,
10/17/2003,10,2003,4.7875,,,,,,
10/20/2003,10,2003,4.7925,,,,,,
10/21/2003,10,2003,4.7975,,,,,,
10/22/2003,10,2003,4.8,,,,,,
10/23/2003,10,2003,4.805,,,,,,
10/24/2003,10,2003,4.81,,,,,,
10/27/2003,10,2003,4.8025,,,,,,
10/28/2003,10,2003,4.795,,,,,,
10/29/2003,10,2003,4.795,,,,,,
10/30/2003,10,2003,4.7875,,,,,,
10/31/2003,10,2003,4.795,,,,,,
11/3/2003,11,2003,4.7775,,,,,,
11/4/2003,11,2003,4.7925,,,,,,
11/5/2003,11,2003,5.015,,,,,,
11/6/2003,11,2003,5.05,,,,,,
11/7/2003,11,2003,5.0375,,,,,,
11/10/2003,11,2003,5.05,,,,,,
11/11/2003,11,2003,4.995,,,,,,
11/12/2003,11,2003,4.94,,,,,,
11/13/2003,11,2003,4.955,,,,,,
11/14/2003,11,2003,5,,,,,,
11/17/2003,11,2003,5.0525,,,,,,
11/18/2003,11,2003,5.065,,,,,,
11/19/2003,11,2003,5.0375,,,,,,
11/20/2003,11,2003,5.0425,,,,,,
11/21/2003,11,2003,5.0525,,,,,,
11/24/2003,11,2003,5.06,,,,,,
11/25/2003,11,2003,5.035,,,,,,
11/26/2003,11,2003,5.0575,,,,,,
11/27/2003,11,2003,5.0475,,,,,,
11/28/2003,11,2003,5.04,,,,,,
12/1/2003,12,2003,5.08,,,,,,
12/2/2003,12,2003,5.1625,,,,,,
12/3/2003,12,2003,5.2225,,,,,,
12/4/2003,12,2003,5.2525,,,,,,
12/5/2003,12,2003,5.28,,,,,,
12/8/2003,12,2003,5.28,,,,,,
12/9/2003,12,2003,5.295,,,,,,
12/10/2003,12,2003,5.3,,,,,,
12/11/2003,12,2003,5.3275,,,,,,
12/12/2003,12,2003,5.355,,,,,,
12/15/2003,12,2003,5.3775,,,,,,
12/16/2003,12,2003,5.405,,,,,,
12/17/2003,12,2003,5.4875,,,,,,
12/18/2003,12,2003,5.465,,,,,,
12/19/2003,12,2003,5.51,,,,,,
12/22/2003,12,2003,5.5225,,,,,,
12/23/2003,12,2003,5.475,,,,,,
12/24/2003,12,2003,5.38,,,,,,
12/29/2003,12,2003,5.3375,,,,,,
12/30/2003,12,2003,5.2625,,,,,,
12/31/2003,12,2003,5.3075,,,,,,
1/2/2004,1,2004,5.2925,,,,,,
1/5/2004,1,2004,5.2475,,,,,,
1/6/2004,1,2004,5.2425,,,,,,
1/7/2004,1,2004,5.2425,,,,,,
1/8/2004,1,2004,5.255,,,,,,
1/9/2004,1,2004,5.2975,,,,,,
1/12/2004,1,2004,5.2775,,,,,,
1/13/2004,1,2004,5.29,,,,,,
1/14/2004,1,2004,5.35,,,,,,
1/15/2004,1,2004,5.535,,,,,,
1/16/2004,1,2004,5.45,,,,,,
1/19/2004,1,2004,5.4625,,,,,,
1/20/2004,1,2004,5.3975,,,,,,
1/21/2004,1,2004,5.3675,,,,,,
1/22/2004,1,2004,5.375,,,,,,
1/23/2004,1,2004,5.3725,,,,,,
1/26/2004,1,2004,5.3475,,,,,,
1/27/2004,1,2004,5.295,,,,,,
1/28/2004,1,2004,5.2575,,,,,,
1/29/2004,1,2004,5.345,,,,,,
1/30/2004,1,2004,5.4325,,,,,,
2/2/2004,2,2004,5.37,,,,,,
2/3/2004,2,2004,5.38,,,,,,
2/4/2004,2,2004,5.3225,,,,,,
2/5/2004,2,2004,5.32,,,,,,
2/6/2004,2,2004,5.3275,,,,,,
2/9/2004,2,2004,5.27,,,,,,
2/10/2004,2,2004,5.2525,,,,,,
2/11/2004,2,2004,5.2475,,,,,,
2/12/2004,2,2004,5.25,,,,,,
2/13/2004,2,2004,5.25,,,,,,
2/16/2004,2,2004,5.2525,,,,,,
2/17/2004,2,2004,5.235,,,,,,
2/18/2004,2,2004,5.2275,,,,,,
2/19/2004,2,2004,5.275,,,,,,
2/20/2004,2,2004,5.305,,,,,,
2/23/2004,2,2004,5.2825,,,,,,
2/24/2004,2,2004,5.25,,,,,,
2/25/2004,2,2004,5.2275,,,,,,
2/26/2004,2,2004,5.3025,,,,,,
2/27/2004,2,2004,5.2975,,,,,,
3/1/2004,3,2004,5.29,,,,,,
3/2/2004,3,2004,5.315,,,,,,
3/3/2004,3,2004,5.255,,,,,,
3/4/2004,3,2004,5.235,,,,,,
3/5/2004,3,2004,5.3125,,,,,,
3/8/2004,3,2004,5.2775,,,,,,
3/9/2004,3,2004,5.28,,,,,,
3/10/2004,3,2004,5.2925,,,,,,
3/11/2004,3,2004,5.305,,,,,,
3/12/2004,3,2004,5.3375,,,,,,
3/15/2004,3,2004,5.3175,,,,,,
3/16/2004,3,2004,5.3025,,,,,,
3/17/2004,3,2004,5.2825,,,,,,
3/18/2004,3,2004,5.3,,,,,,
3/19/2004,3,2004,5.27,,,,,,
3/22/2004,3,2004,5.25,,,,,,
3/23/2004,3,2004,5.295,,,,,,
3/24/2004,3,2004,5.295,,,,,,
3/25/2004,3,2004,5.29,,,,,,
3/26/2004,3,2004,5.29,,,,,,
3/29/2004,3,2004,5.3075,,,,,,
3/30/2004,3,2004,5.335,,,,,,
3/31/2004,3,2004,5.295,,,,,,
4/1/2004,4,2004,5.335,,,,,,
4/2/2004,4,2004,5.3075,,,,,,
4/5/2004,4,2004,5.3075,,,,,,
4/6/2004,4,2004,5.33,,,,,,
4/7/2004,4,2004,5.335,,,,,,
4/8/2004,4,2004,5.3375,,,,,,
4/13/2004,4,2004,5.3475,,,,,,
4/14/2004,4,2004,5.405,,,,,,
4/15/2004,4,2004,5.4175,,,,,,
4/16/2004,4,2004,5.505,,,,,,
4/19/2004,4,2004,5.475,,,,,,
4/20/2004,4,2004,5.405,,,,,,
4/21/2004,4,2004,5.37,,,,,,
4/22/2004,4,2004,5.425,,,,,,
4/23/2004,4,2004,5.425,,,,,,
4/26/2004,4,2004,5.41,,,,,,
4/27/2004,4,2004,5.455,,,,,,
4/28/2004,4,2004,5.5475,,,,,,
4/29/2004,4,2004,5.5325,,,,,,
4/30/2004,4,2004,5.38,,,,,,
5/4/2004,5,2004,5.29,,,,,,
5/5/2004,5,2004,5.27,,,,,,
5/6/2004,5,2004,5.25,,,,,,
5/7/2004,5,2004,5.2775,,,,,,
5/10/2004,5,2004,5.2975,,,,,,
5/11/2004,5,2004,5.29,,,,,,
5/12/2004,5,2004,5.2975,,,,,,
5/13/2004,5,2004,5.38,,,,,,
5/14/2004,5,2004,5.3675,,,,,,
5/17/2004,5,2004,5.385,,,,,,
5/18/2004,5,2004,5.4025,,,,,,
5/19/2004,5,2004,5.3525,,,,,,
5/20/2004,5,2004,5.345,,,,,,
5/21/2004,5,2004,5.3275,,,,,,
5/24/2004,5,2004,5.33,,,,,,
5/25/2004,5,2004,5.3,,,,,,
5/26/2004,5,2004,5.295,,,,,,
5/27/2004,5,2004,5.3125,,,,,,
5/28/2004,5,2004,5.35,,,,,,
6/1/2004,6,2004,5.35,,,,,,
6/2/2004,6,2004,5.3825,,,,,,
6/3/2004,6,2004,5.3625,,,,,,
6/4/2004,6,2004,5.3475,,,,,,
6/7/2004,6,2004,5.33,,,,,,
6/8/2004,6,2004,5.31,,,,,,
6/9/2004,6,2004,5.325,,,,,,
6/10/2004,6,2004,5.3275,,,,,,
6/11/2004,6,2004,5.335,,,,,,
6/14/2004,6,2004,5.355,,,,,,
6/15/2004,6,2004,5.3575,,,,,,
6/16/2004,6,2004,5.325,,,,,,
6/17/2004,6,2004,5.3275,,,,,,
6/18/2004,6,2004,5.3515,,,,,,
6/21/2004,6,2004,5.3275,,,,,,
6/22/2004,6,2004,5.325,,,,,,
6/23/2004,6,2004,5.345,,,,,,
6/24/2004,6,2004,5.3425,,,,,,
6/25/2004,6,2004,5.38,,,,,,
6/28/2004,6,2004,5.415,,,,,,
6/29/2004,6,2004,5.415,,,,,,
6/30/2004,6,2004,5.4125,,,,,,
7/1/2004,7,2004,5.3225,,,,,,
7/2/2004,7,2004,5.3425,,,,,,
7/5/2004,7,2004,5.3225,,,,,,
7/6/2004,7,2004,5.2775,,,,,,
7/7/2004,7,2004,5.245,,,,,,
7/8/2004,7,2004,5.295,,,,,,
7/9/2004,7,2004,5.3025,,,,,,
7/12/2004,7,2004,5.2775,,,,,,
7/13/2004,7,2004,5.27,,,,,,
7/14/2004,7,2004,5.275,,,,,,
7/15/2004,7,2004,5.27,,,,,,
7/16/2004,7,2004,5.2775,,,,,,
7/19/2004,7,2004,5.245,,,,,,
7/20/2004,7,2004,5.2725,,,,,,
7/21/2004,7,2004,5.28,,,,,,
7/22/2004,7,2004,5.2725,,,,,,
7/23/2004,7,2004,5.265,,,,,,
7/26/2004,7,2004,5.2575,,,,,,
7/27/2004,7,2004,5.2375,,,,,,
7/28/2004,7,2004,5.2575,,,,,,
7/29/2004,7,2004,5.28,,,,,,
7/30/2004,7,2004,5.2625,,,,,,
8/2/2004,8,2004,5.25,,,,,,
8/3/2004,8,2004,5.25,,,,,,
8/4/2004,8,2004,5.2725,,,,,,
8/5/2004,8,2004,5.3,,,,,,
8/6/2004,8,2004,5.3025,,,,,,
8/9/2004,8,2004,5.2675,,,,,,
8/10/2004,8,2004,5.2175,,,,,,
8/11/2004,8,2004,5.2,,,,,,
8/12/2004,8,2004,5.1925,,,,,,
8/13/2004,8,2004,5.2125,,,,,,
8/16/2004,8,2004,5.22,,,,,,
8/17/2004,8,2004,5.2175,,,,,,
8/18/2004,8,2004,5.235,,,,,,
8/19/2004,8,2004,5.2625,,,,,,
8/20/2004,8,2004,5.2825,,,,,,
8/23/2004,8,2004,5.2575,,,,,,
8/24/2004,8,2004,5.2525,,,,,,
8/25/2004,8,2004,5.23,,,,,,
8/26/2004,8,2004,5.2,,,,,,
8/27/2004,8,2004,5.21,,,,,,
8/31/2004,8,2004,5.185,,,,,,
9/1/2004,9,2004,5.2,,,,,,
9/2/2004,9,2004,5.2775,,,,,,
9/3/2004,9,2004,5.2725,,,,,,
9/6/2004,9,2004,5.28,,,,,,
9/7/2004,9,2004,5.2525,,,,,,
9/8/2004,9,2004,5.2375,,,,,,
9/9/2004,9,2004,5.205,,,,,,
9/10/2004,9,2004,5.215,,,,,,
9/13/2004,9,2004,5.215,,,,,,
9/14/2004,9,2004,5.245,,,,,,
9/15/2004,9,2004,5.255,,,,,,
9/16/2004,9,2004,5.2825,,,,,,
9/17/2004,9,2004,5.2875,,,,,,
9/20/2004,9,2004,5.255,,,,,,
9/21/2004,9,2004,5.245,,,,,,
9/22/2004,9,2004,5.245,,,,,,
9/23/2004,9,2004,5.2425,,,,,,
9/24/2004,9,2004,5.2725,,,,,,
9/27/2004,9,2004,5.3,,,,,,
9/28/2004,9,2004,5.32,,,,,,
9/29/2004,9,2004,5.305,,,,,,
9/30/2004,9,2004,5.3225,,,,,,
10/1/2004,10,2004,5.305,,,,,,
10/4/2004,10,2004,5.3075,,,,,,
10/5/2004,10,2004,5.28,,,,,,
10/6/2004,10,2004,5.2525,,,,,,
10/7/2004,10,2004,5.2525,,,,,,
10/8/2004,10,2004,5.2525,,,,,,
10/11/2004,10,2004,5.25,,,,,,
10/12/2004,10,2004,5.255,,,,,,
10/13/2004,10,2004,5.2525,,,,,,
10/14/2004,10,2004,5.2475,,,,,,
10/15/2004,10,2004,5.23,,,,,,
10/18/2004,10,2004,5.2,,,,,,
10/19/2004,10,2004,5.2175,,,,,,
10/20/2004,10,2004,5.2125,,,,,,
10/21/2004,10,2004,5.235,,,,,,
10/22/2004,10,2004,5.245,,,,,,
10/25/2004,10,2004,5.24,,,,,,
10/26/2004,10,2004,5.23,,,,,,
10/27/2004,10,2004,5.2425,,,,,,
10/28/2004,10,2004,5.2425,,,,,,
10/29/2004,10,2004,5.23,,,,,,
11/1/2004,11,2004,5.225,,,,,,
11/2/2004,11,2004,5.215,,,,,,
11/3/2004,11,2004,5.215,,,,,,
11/4/2004,11,2004,5.3,,,,,,
11/5/2004,11,2004,5.25,,,,,,
11/8/2004,11,2004,5.235,,,,,,
11/9/2004,11,2004,5.2075,,,,,,
11/10/2004,11,2004,5.2475,,,,,,
11/11/2004,11,2004,5.25,,,,,,
11/12/2004,11,2004,5.3,,,,,,
11/15/2004,11,2004,5.2525,,,,,,
11/16/2004,11,2004,5.245,,,,,,
11/17/2004,11,2004,5.345,,,,,,
11/18/2004,11,2004,5.3,,,,,,
11/19/2004,11,2004,5.255,,,,,,
11/22/2004,11,2004,5.2475,,,,,,
11/23/2004,11,2004,5.255,,,,,,
11/24/2004,11,2004,5.25,,,,,,
11/25/2004,11,2004,5.245,,,,,,
11/26/2004,11,2004,5.23,,,,,,
11/29/2004,11,2004,5.2775,,,,,,
11/30/2004,11,2004,5.2675,,,,,,
12/1/2004,12,2004,5.25,,,,,,
12/2/2004,12,2004,5.245,,,,,,
12/3/2004,12,2004,5.24,,,,,,
12/6/2004,12,2004,5.205,,,,,,
12/7/2004,12,2004,5.0725,,,,,,
12/8/2004,12,2004,5.14,,,,,,
12/9/2004,12,2004,5.21,,,,,,
12/10/2004,12,2004,5.275,,,,,,
12/13/2004,12,2004,5.2175,,,,,,
12/14/2004,12,2004,5.24,,,,,,
12/15/2004,12,2004,5.2575,,,,,,
12/16/2004,12,2004,5.2825,,,,,,
12/17/2004,12,2004,5.285,,,,,,
12/20/2004,12,2004,5.255,,,,,,
12/21/2004,12,2004,5.2575,,,,,,
12/22/2004,12,2004,5.265,,,,,,
12/23/2004,12,2004,5.3025,,,,,,
12/24/2004,12,2004,5.305,,,,,,
12/29/2004,12,2004,5.265,,,,,,
12/30/2004,12,2004,5.255,,,,,,
12/31/2004,12,2004,5.25,,,,,,
1/4/2005,1,2005,5.2475,,,,,,
1/5/2005,1,2005,5.26,,,,,,
1/6/2005,1,2005,5.2925,,,,,,
1/7/2005,1,2005,5.3025,,,,,,
1/10/2005,1,2005,5.3125,,,,,,
1/11/2005,1,2005,5.305,,,,,,
1/12/2005,1,2005,5.3075,,,,,,
1/13/2005,1,2005,5.2875,,,,,,
1/14/2005,1,2005,5.325,,,,,,
1/17/2005,1,2005,5.33,,,,,,
1/18/2005,1,2005,5.345,,,,,,
1/19/2005,1,2005,5.325,,,,,,
1/20/2005,1,2005,5.295,,,,,,
1/21/2005,1,2005,5.265,,,,,,
1/24/2005,1,2005,5.2525,,,,,,
1/25/2005,1,2005,5.255,,,,,,
1/26/2005,1,2005,5.255,,,,,,
1/27/2005,1,2005,5.2625,,,,,,
1/28/2005,1,2005,5.28,,,,,,
1/31/2005,1,2005,5.2725,,,,,,
2/1/2005,2,2005,5.295,,,,,,
2/2/2005,2,2005,5.2875,,,,,,
2/3/2005,2,2005,5.31,,,,,,
2/4/2005,2,2005,5.32,,,,,,
2/7/2005,2,2005,5.2925,,,,,,
2/8/2005,2,2005,5.3225,,,,,,
2/9/2005,2,2005,5.3625,,,,,,
2/10/2005,2,2005,5.37,,,,,,
2/11/2005,2,2005,5.345,,,,,,
2/14/2005,2,2005,5.3325,,,,,,
2/15/2005,2,2005,5.2975,,,,,,
2/16/2005,2,2005,5.29,,,,,,
2/17/2005,2,2005,5.28,,,,,,
2/18/2005,2,2005,5.285,,,,,,
2/21/2005,2,2005,5.29,,,,,,
2/22/2005,2,2005,5.28,,,,,,
2/23/2005,2,2005,5.2725,,,,,,
2/24/2005,2,2005,5.27,,,,,,
2/25/2005,2,2005,5.28,,,,,,
2/28/2005,2,2005,5.3675,,,,,,
3/1/2005,3,2005,5.4,,,,,,
3/2/2005,3,2005,5.475,,,,,,
3/3/2005,3,2005,5.5,,,,,,
3/4/2005,3,2005,5.5475,,,,,,
3/7/2005,3,2005,5.5275,,,,,,
3/8/2005,3,2005,5.5125,,,,,,
3/9/2005,3,2005,5.5,,,,,,
3/10/2005,3,2005,5.5175,,,,,,
3/11/2005,3,2005,5.5425,,,,,,
3/14/2005,3,2005,5.5575,,,,,,
3/15/2005,3,2005,5.53,,,,,,
3/16/2005,3,2005,5.545,,,,,,
3/17/2005,3,2005,5.64,,,,,,
3/18/2005,3,2005,5.5875,,,,,,
3/21/2005,3,2005,5.5175,,,,,,
3/22/2005,3,2005,5.48,,,,,,
3/23/2005,3,2005,5.4625,,,,,,
3/24/2005,3,2005,5.4875,,,,,,
3/29/2005,3,2005,5.505,,,,,,
3/30/2005,3,2005,5.5525,,,,,,
3/31/2005,3,2005,5.5125,,,,,,
4/1/2005,4,2005,5.505,,,,,,
4/4/2005,4,2005,5.575,,,,,,
4/5/2005,4,2005,5.61,,,,,,
4/6/2005,4,2005,5.475,,,,,,
4/7/2005,4,2005,5.49,,,,,,
4/8/2005,4,2005,5.5175,,,,,,
4/11/2005,4,2005,5.5175,,,,,,
4/12/2005,4,2005,5.5525,,,,,,
4/13/2005,4,2005,5.5675,,,,,,
4/14/2005,4,2005,5.6,,,,,,
4/15/2005,4,2005,5.5675,,,,,,
4/18/2005,4,2005,5.5625,,,,,,
4/19/2005,4,2005,5.5575,,,,,,
4/20/2005,4,2005,5.5675,,,,,,
4/21/2005,4,2005,5.5725,,,,,,
4/22/2005,4,2005,5.545,,,,,,
4/25/2005,4,2005,5.545,,,,,,
4/26/2005,4,2005,5.545,,,,,,
4/27/2005,4,2005,5.575,,,,,,
4/28/2005,4,2005,5.5625,,,,,,
4/29/2005,4,2005,5.5925,,,,,,
5/3/2005,5,2005,5.5825,,,,,,
5/4/2005,5,2005,5.5825,,,,,,
5/5/2005,5,2005,5.6,,,,,,
5/6/2005,5,2005,5.6475,,,,,,
5/9/2005,5,2005,5.6175,,,,,,
5/10/2005,5,2005,5.55,,,,,,
5/11/2005,5,2005,5.5325,,,,,,
5/12/2005,5,2005,5.5625,,,,,,
5/13/2005,5,2005,5.545,,,,,,
5/16/2005,5,2005,5.5425,,,,,,
5/17/2005,5,2005,5.5475,,,,,,
5/18/2005,5,2005,5.5475,,,,,,
5/19/2005,5,2005,5.5425,,,,,,
5/20/2005,5,2005,5.525,,,,,,
5/23/2005,5,2005,5.55,,,,,,
5/24/2005,5,2005,5.5475,,,,,,
5/25/2005,5,2005,5.5625,,,,,,
5/26/2005,5,2005,5.5625,,,,,,
5/27/2005,5,2005,5.555,,,,,,
5/31/2005,5,2005,5.5575,,,,,,
6/1/2005,6,2005,5.55,,,,,,
6/2/2005,6,2005,5.545,,,,,,
6/3/2005,6,2005,5.55,,,,,,
6/6/2005,6,2005,5.5375,,,,,,
6/7/2005,6,2005,5.545,,,,,,
6/8/2005,6,2005,5.5425,,,,,,
6/9/2005,6,2005,5.545,,,,,,
6/10/2005,6,2005,5.5475,,,,,,
6/13/2005,6,2005,5.555,,,,,,
6/14/2005,6,2005,5.575,,,,,,
6/15/2005,6,2005,5.6175,,,,,,
6/16/2005,6,2005,5.575,,,,,,
6/17/2005,6,2005,5.5575,,,,,,
6/20/2005,6,2005,5.5,,,,,,
6/21/2005,6,2005,5.4725,,,,,,
6/22/2005,6,2005,5.49,,,,,,
6/23/2005,6,2005,5.5425,,,,,,
6/24/2005,6,2005,5.5375,,,,,,
6/27/2005,6,2005,5.5375,,,,,,
6/28/2005,6,2005,5.5525,,,,,,
6/29/2005,6,2005,5.5525,,,,,,
6/30/2005,6,2005,5.55,,,,,,
7/1/2005,7,2005,5.54,,,,,,
7/4/2005,7,2005,5.545,,,,,,
7/5/2005,7,2005,5.545,,,,,,
7/6/2005,7,2005,5.5225,,,,,,
7/7/2005,7,2005,5.52333,,,,,,
7/8/2005,7,2005,5.505,,,,,,
7/11/2005,7,2005,5.475,,,,,,
7/12/2005,7,2005,5.4675,,,,,,
7/13/2005,7,2005,5.5175,,,,,,
7/14/2005,7,2005,5.555,,,,,,
7/15/2005,7,2005,5.5625,,,,,,
7/18/2005,7,2005,5.5575,,,,,,
7/19/2005,7,2005,5.5775,,,,,,
7/20/2005,7,2005,5.56,,,,,,
7/21/2005,7,2005,5.5525,,,,,,
7/22/2005,7,2005,5.505,,,,,,
7/25/2005,7,2005,5.49,,,,,,
7/26/2005,7,2005,5.505,,,,,,
7/27/2005,7,2005,5.51,,,,,,
7/28/2005,7,2005,5.5175,,,,,,
7/29/2005,7,2005,5.5225,,,,,,
8/1/2005,8,2005,5.5125,,,,,,
8/2/2005,8,2005,5.5175,,,,,,
8/3/2005,8,2005,5.5325,,,,,,
8/4/2005,8,2005,5.52,,,,,,
8/5/2005,8,2005,5.5275,,,,,,
8/8/2005,8,2005,5.5225,,,,,,
8/9/2005,8,2005,5.515,,,,,,
8/10/2005,8,2005,5.4925,,,,,,
8/11/2005,8,2005,5.4925,,,,,,
8/12/2005,8,2005,5.535,,,,,,
8/15/2005,8,2005,5.535,,,,,,
8/16/2005,8,2005,5.5125,,,,,,
8/17/2005,8,2005,5.5125,,,,,,
8/18/2005,8,2005,5.525,,,,,,
8/19/2005,8,2005,5.5375,,,,,,
8/22/2005,8,2005,5.5025,,,,,,
8/23/2005,8,2005,5.495,,,,,,
8/24/2005,8,2005,5.4975,,,,,,
8/25/2005,8,2005,5.4925,,,,,,
8/26/2005,8,2005,5.4925,,,,,,
8/30/2005,8,2005,5.44,,,,,,
8/31/2005,8,2005,5.4475,,,,,,
9/1/2005,9,2005,5.4475,,,,,,
9/2/2005,9,2005,5.45,,,,,,
9/5/2005,9,2005,5.445,,,,,,
9/6/2005,9,2005,5.435,,,,,,
9/7/2005,9,2005,5.4075,,,,,,
9/8/2005,9,2005,5.415,,,,,,
9/9/2005,9,2005,5.49,,,,,,
9/12/2005,9,2005,5.5125,,,,,,
9/13/2005,9,2005,5.5375,,,,,,
9/14/2005,9,2005,5.5425,,,,,,
9/15/2005,9,2005,5.55,,,,,,
9/16/2005,9,2005,5.5675,,,,,,
9/19/2005,9,2005,5.54,,,,,,
9/20/2005,9,2005,5.525,,,,,,
9/21/2005,9,2005,5.5075,,,,,,
9/22/2005,9,2005,5.5,,,,,,
9/23/2005,9,2005,5.5075,,,,,,
9/26/2005,9,2005,5.5125,,,,,,
9/27/2005,9,2005,5.5,,,,,,
9/28/2005,9,2005,5.5125,,,,,,
9/29/2005,9,2005,5.5225,,,,,,
9/30/2005,9,2005,5.5225,,,,,,
10/3/2005,10,2005,5.505,,,,,,
10/4/2005,10,2005,5.4925,,,,,,
10/5/2005,10,2005,5.4975,,,,,,
10/6/2005,10,2005,5.495,,,,,,
10/7/2005,10,2005,5.4975,,,,,,
10/10/2005,10,2005,5.5,,,,,,
10/11/2005,10,2005,5.5,,,,,,
10/12/2005,10,2005,5.495,,,,,,
10/13/2005,10,2005,5.4925,,,,,,
10/14/2005,10,2005,5.485,,,,,,
10/17/2005,10,2005,5.4725,,,,,,
10/18/2005,10,2005,5.475,,,,,,
10/19/2005,10,2005,5.4925,,,,,,
10/20/2005,10,2005,5.4775,,,,,,
10/21/2005,10,2005,5.4925,,,,,,
10/24/2005,10,2005,5.48,,,,,,
10/25/2005,10,2005,5.48,,,,,,
10/26/2005,10,2005,5.4975,,,,,,
10/27/2005,10,2005,5.5075,,,,,,
10/28/2005,10,2005,5.4975,,,,,,
10/31/2005,10,2005,5.48,,,,,,
11/1/2005,11,2005,5.445,,,,,,
11/2/2005,11,2005,5.445,,,,,,
11/3/2005,11,2005,5.51,,,,,,
11/4/2005,11,2005,5.5475,,,,,,
11/7/2005,11,2005,5.5275,,,,,,
11/8/2005,11,2005,5.51,,,,,,
11/9/2005,11,2005,5.5325,,,,,,
11/10/2005,11,2005,5.5225,,,,,,
11/11/2005,11,2005,5.505,,,,,,
11/14/2005,11,2005,5.515,,,,,,
11/15/2005,11,2005,5.5075,,,,,,
11/16/2005,11,2005,5.5225,,,,,,
11/17/2005,11,2005,5.52,,,,,,
11/18/2005,11,2005,5.515,,,,,,
11/21/2005,11,2005,5.52,,,,,,
11/22/2005,11,2005,5.5425,,,,,,
11/23/2005,11,2005,5.5275,,,,,,
11/24/2005,11,2005,5.5225,,,,,,
11/25/2005,11,2005,5.5125,,,,,,
11/28/2005,11,2005,5.4775,,,,,,
11/29/2005,11,2005,5.47,,,,,,
11/30/2005,11,2005,5.4825,,,,,,
12/1/2005,12,2005,5.4775,,,,,,
12/2/2005,12,2005,5.4825,,,,,,
12/5/2005,12,2005,5.485,,,,,,
12/6/2005,12,2005,5.49,,,,,,
12/7/2005,12,2005,5.495,,,,,,
12/8/2005,12,2005,5.495,,,,,,
12/9/2005,12,2005,5.49,,,,,,
12/12/2005,12,2005,5.5,,,,,,
12/13/2005,12,2005,5.4925,,,,,,
12/14/2005,12,2005,5.475,,,,,,
12/15/2005,12,2005,5.4775,,,,,,
12/16/2005,12,2005,5.49,,,,,,
12/19/2005,12,2005,5.5575,,,,,,
12/20/2005,12,2005,5.575,,,,,,
12/21/2005,12,2005,5.5375,,,,,,
12/22/2005,12,2005,5.535,,,,,,
12/23/2005,12,2005,5.5275,,,,,,
12/28/2005,12,2005,5.545,,,,,,
12/29/2005,12,2005,5.4925,,,,,,
12/30/2005,12,2005,5.44,,,,,,
1/3/2006,1,2006,5.395,,,,,,
1/4/2006,1,2006,5.45,,,,,,
1/5/2006,1,2006,5.49,,,,,,
1/6/2006,1,2006,5.4775,,,,,,
1/9/2006,1,2006,5.49,,,,,,
1/10/2006,1,2006,5.5125,,,,,,
1/11/2006,1,2006,5.54,,,,,,
1/12/2006,1,2006,5.5475,,,,,,
1/13/2006,1,2006,5.5325,,,,,,
1/16/2006,1,2006,5.53125,,,,,,
1/17/2006,1,2006,5.515,,,,,,
1/18/2006,1,2006,5.5025,,,,,,
1/19/2006,1,2006,5.5075,,,,,,
1/20/2006,1,2006,5.50375,,,,,,
1/23/2006,1,2006,5.5,,,,,,
1/24/2006,1,2006,5.505,,,,,,
1/25/2006,1,2006,5.50875,,,,,,
1/26/2006,1,2006,5.5175,,,,,,
1/27/2006,1,2006,5.5275,,,,,,
1/30/2006,1,2006,5.505,,,,,,
1/31/2006,1,2006,5.47875,,,,,,
2/1/2006,2,2006,5.44625,,,,,,
2/2/2006,2,2006,5.42625,,,,,,
2/3/2006,2,2006,5.5,,,,,,
2/6/2006,2,2006,5.49375,,,,,,
2/7/2006,2,2006,5.4625,,,,,,
2/8/2006,2,2006,5.4575,,,,,,
2/9/2006,2,2006,5.455,,,,,,
2/10/2006,2,2006,5.465,,,,,,
2/13/2006,2,2006,5.4825,,,,,,
2/14/2006,2,2006,5.4975,,,,,,
2/15/2006,2,2006,5.4975,,,,,,
2/16/2006,2,2006,5.5125,,,,,,
2/17/2006,2,2006,5.5075,,,,,,
2/20/2006,2,2006,5.49,,,,,,
2/21/2006,2,2006,5.46,,,,,,
2/22/2006,2,2006,5.435,,,,,,
2/23/2006,2,2006,5.445,,,,,,
2/24/2006,2,2006,5.5275,,,,,,
2/27/2006,2,2006,5.52,,,,,,
2/28/2006,2,2006,5.50375,,,,,,
3/1/2006,3,2006,5.48,,,,,,
3/2/2006,3,2006,5.4775,,,,,,
3/3/2006,3,2006,5.5025,,,,,,
3/6/2006,3,2006,5.4975,,,,,,
3/7/2006,3,2006,5.4875,,,,,,
3/8/2006,3,2006,5.4725,,,,,,
3/9/2006,3,2006,5.49,,,,,,
3/10/2006,3,2006,5.4825,,,,,,
3/13/2006,3,2006,5.4675,,,,,,
3/14/2006,3,2006,5.485,,,,,,
3/15/2006,3,2006,5.4875,,,,,,
3/16/2006,3,2006,5.485,,,,,,
3/17/2006,3,2006,5.475,,,,,,
3/20/2006,3,2006,5.48,,,,,,
3/21/2006,3,2006,5.495,,,,,,
3/22/2006,3,2006,5.5,,,,,,
3/23/2006,3,2006,5.5175,,,,,,
3/24/2006,3,2006,5.505,,,,,,
3/27/2006,3,2006,5.4925,,,,,,
3/28/2006,3,2006,5.4875,,,,,,
3/29/2006,3,2006,5.4875,,,,,,
3/30/2006,3,2006,5.505,,,,,,
3/31/2006,3,2006,5.5,,,,,,
4/3/2006,4,2006,5.5025,,,,,,
4/4/2006,4,2006,5.5025,,,,,,
4/5/2006,4,2006,5.5025,,,,,,
4/6/2006,4,2006,5.5025,,,,,,
4/7/2006,4,2006,5.5025,,,,,,
4/10/2006,4,2006,5.4975,,,,,,
4/11/2006,4,2006,5.4925,,,,,,
4/12/2006,4,2006,5.495,,,,,,
4/13/2006,4,2006,5.495,,,,,,
4/18/2006,4,2006,5.49,,,,,,
4/19/2006,4,2006,5.485,,,,,,
4/20/2006,4,2006,5.4775,,,,,,
4/21/2006,4,2006,5.4625,,,,,,
4/24/2006,4,2006,5.4325,,,,,,
4/25/2006,4,2006,5.4075,,,,,,
4/26/2006,4,2006,5.43,,,,,,
4/27/2006,4,2006,5.445,,,,,,
4/28/2006,4,2006,5.4725,,,,,,
5/2/2006,5,2006,5.5125,,,,,,
5/3/2006,5,2006,5.7125,,,,,,
5/4/2006,5,2006,5.6925,,,,,,
5/5/2006,5,2006,5.65,,,,,,
5/8/2006,5,2006,5.645,,,,,,
5/9/2006,5,2006,5.6025,,,,,,
5/10/2006,5,2006,5.65,,,,,,
5/11/2006,5,2006,5.7,,,,,,
5/12/2006,5,2006,5.7,,,,,,
5/15/2006,5,2006,5.695,,,,,,
5/16/2006,5,2006,5.65,,,,,,
5/17/2006,5,2006,5.65,,,,,,
5/18/2006,5,2006,5.65,,,,,,
5/19/2006,5,2006,5.675,,,,,,
5/22/2006,5,2006,5.7025,,,,,,
5/23/2006,5,2006,5.7175,,,,,,
5/24/2006,5,2006,5.7525,,,,,,
5/25/2006,5,2006,5.7575,,,,,,
5/26/2006,5,2006,5.7625,,,,,,
5/30/2006,5,2006,5.735,,,,,,
5/31/2006,5,2006,5.705,,,,,,
6/1/2006,6,2006,5.72,,,,,,
6/2/2006,6,2006,5.7275,,,,,,
6/5/2006,6,2006,5.7225,,,,,,
6/6/2006,6,2006,5.715,,,,,,
6/7/2006,6,2006,5.7175,,,,,,
6/8/2006,6,2006,5.765,,,,,,
6/9/2006,6,2006,5.78,,,,,,
6/12/2006,6,2006,5.785,,,,,,
6/13/2006,6,2006,5.7925,,,,,,
6/14/2006,6,2006,5.79,,,,,,
6/15/2006,6,2006,5.735,,,,,,
6/16/2006,6,2006,5.7325,,,,,,
6/19/2006,6,2006,5.7225,,,,,,
6/20/2006,6,2006,5.74,,,,,,
6/21/2006,6,2006,5.7675,,,,,,
6/22/2006,6,2006,5.7625,,,,,,
6/23/2006,6,2006,5.7575,,,,,,
6/26/2006,6,2006,5.7525,,,,,,
6/27/2006,6,2006,5.765,,,,,,
6/28/2006,6,2006,5.8525,,,,,,
6/29/2006,6,2006,5.8625,,,,,,
6/30/2006,6,2006,5.8425,,,,,,
7/3/2006,7,2006,5.8125,,,,,,
7/4/2006,7,2006,5.77,,,,,,
7/5/2006,7,2006,5.7575,,,,,,
7/6/2006,7,2006,5.75,,,,,,
7/7/2006,7,2006,5.75,,,,,,
7/10/2006,7,2006,5.72,,,,,,
7/11/2006,7,2006,5.73,,,,,,
7/12/2006,7,2006,5.7325,,,,,,
7/13/2006,7,2006,5.755,,,,,,
7/14/2006,7,2006,5.75,,,,,,
7/17/2006,7,2006,5.7425,,,,,,
7/18/2006,7,2006,5.7375,,,,,,
7/19/2006,7,2006,5.73,,,,,,
7/20/2006,7,2006,5.7275,,,,,,
7/21/2006,7,2006,5.72,,,,,,
7/24/2006,7,2006,5.725,,,,,,
7/25/2006,7,2006,5.71,,,,,,
7/26/2006,7,2006,5.7125,,,,,,
7/27/2006,7,2006,5.745,,,,,,
7/28/2006,7,2006,5.735,,,,,,
7/31/2006,7,2006,5.9175,,,,,,
8/1/2006,8,2006,5.925,,,,,,
8/2/2006,8,2006,5.93375,,,,,,
8/3/2006,8,2006,5.91625,,,,,,
8/4/2006,8,2006,5.925,,,,,,
8/7/2006,8,2006,5.935,,,,,,
8/8/2006,8,2006,5.925,,,,,,
8/9/2006,8,2006,5.9,,,,,,
8/10/2006,8,2006,5.945,,,,,,
8/11/2006,8,2006,5.95875,,,,,,
8/14/2006,8,2006,5.9625,,,,,,
8/15/2006,8,2006,5.965,,,,,,
8/16/2006,8,2006,5.97625,,,,,,
8/17/2006,8,2006,6.08875,,,,,,
8/18/2006,8,2006,6.15,,,,,,
8/21/2006,8,2006,6.005,,,,,,
8/22/2006,8,2006,5.99875,,,,,,
8/23/2006,8,2006,6.00875,,,,,,
8/24/2006,8,2006,6.0325,,,,,,
8/25/2006,8,2006,6.0325,,,,,,
8/29/2006,8,2006,6.0175,,,,,,
8/30/2006,8,2006,6.0125,,,,,,
8/31/2006,8,2006,6.005,,,,,,
9/1/2006,9,2006,6.0025,,,,,,
9/4/2006,9,2006,5.9775,,,,,,
9/5/2006,9,2006,5.9825,,,,,,
9/6/2006,9,2006,5.975,,,,,,
9/7/2006,9,2006,5.99,,,,,,
9/8/2006,9,2006,5.9775,,,,,,
9/11/2006,9,2006,6,,,,,,
9/12/2006,9,2006,6.0025,,,,,,
9/13/2006,9,2006,6.0625,,,,,,
9/14/2006,9,2006,6.08125,,,,,,
9/15/2006,9,2006,6.0475,,,,,,
9/18/2006,9,2006,6.0175,,,,,,
9/19/2006,9,2006,6.10875,,,,,,
9/20/2006,9,2006,6.055,,,,,,
9/21/2006,9,2006,6.05,,,,,,
9/22/2006,9,2006,6.0225,,,,,,
9/25/2006,9,2006,6.02625,,,,,,
9/26/2006,9,2006,6.02125,,,,,,
9/27/2006,9,2006,6.04375,,,,,,
9/28/2006,9,2006,6.06625,,,,,,
9/29/2006,9,2006,6.09375,,,,,,
10/2/2006,10,2006,6.09375,,,,,,
10/3/2006,10,2006,6.10875,,,,,,
10/4/2006,10,2006,6.04875,,,,,,
10/5/2006,10,2006,6.0375,,,,,,
10/6/2006,10,2006,6.0325,,,,,,
10/9/2006,10,2006,6.035,,,,,,
10/10/2006,10,2006,6.01625,,,,,,
10/11/2006,10,2006,6.0125,,,,,,
10/12/2006,10,2006,6.00375,,,,,,
10/13/2006,10,2006,5.9975,,,,,,
10/16/2006,10,2006,5.9575,,,,,,
10/17/2006,10,2006,5.945,,,,,,
10/18/2006,10,2006,5.96125,,,,,,
10/19/2006,10,2006,5.9825,,,,,,
10/20/2006,10,2006,5.9675,,,,,,
10/23/2006,10,2006,5.97,,,,,,
10/24/2006,10,2006,5.98,,,,,,
10/25/2006,10,2006,5.96,,,,,,
10/26/2006,10,2006,5.955,,,,,,
10/27/2006,10,2006,5.995,,,,,,
10/30/2006,10,2006,5.9725,,,,,,
10/31/2006,10,2006,5.9575,,,,,,
11/1/2006,11,2006,5.9425,,,,,,
11/2/2006,11,2006,5.98,,,,,,
11/3/2006,11,2006,6.05375,,,,,,
11/6/2006,11,2006,6.1875,,,,,,
11/7/2006,11,2006,6.2425,,,,,,
11/8/2006,11,2006,6.265,,,,,,
11/9/2006,11,2006,6.3025,,,,,,
11/10/2006,11,2006,6.3,,,,,,
11/13/2006,11,2006,6.295,,,,,,
11/14/2006,11,2006,6.29,,,,,,
11/15/2006,11,2006,6.295,,,,,,
11/16/2006,11,2006,6.305,,,,,,
11/17/2006,11,2006,6.3,,,,,,
11/20/2006,11,2006,6.2825,,,,,,
11/21/2006,11,2006,6.25,,,,,,
11/22/2006,11,2006,6.2475,,,,,,
11/23/2006,11,2006,6.2425,,,,,,
11/24/2006,11,2006,6.24,,,,,,
11/27/2006,11,2006,6.2025,,,,,,
11/28/2006,11,2006,6.21,,,,,,
11/29/2006,11,2006,6.225,,,,,,
11/30/2006,11,2006,6.22,,,,,,
12/1/2006,12,2006,6.22,,,,,,
12/4/2006,12,2006,6.1925,,,,,,
12/5/2006,12,2006,6.2125,,,,,,
12/6/2006,12,2006,6.2275,,,,,,
12/7/2006,12,2006,6.245,,,,,,
12/8/2006,12,2006,6.2625,,,,,,
12/11/2006,12,2006,6.2475,,,,,,
12/12/2006,12,2006,6.2525,,,,,,
12/13/2006,12,2006,6.2575,,,,,,
12/14/2006,12,2006,6.2925,,,,,,
12/15/2006,12,2006,6.285,,,,,,
12/18/2006,12,2006,6.2575,,,,,,
12/19/2006,12,2006,6.2525,,,,,,
12/20/2006,12,2006,6.2175,,,,,,
12/21/2006,12,2006,6.225,,,,,,
12/22/2006,12,2006,6.2475,,,,,,
12/27/2006,12,2006,6.2525,,,,,,
12/28/2006,12,2006,6.2125,,,,,,
12/29/2006,12,2006,6.2225,,,,,,
1/2/2007,1,2007,6.1675,,,,,,
1/3/2007,1,2007,6.135,,,,,,
1/4/2007,1,2007,6.2,,,,,,
1/5/2007,1,2007,6.1675,,,,,,
1/8/2007,1,2007,6.145,,,,,,
1/9/2007,1,2007,6.225,,,,,,
1/10/2007,1,2007,6.27,,,,,,
1/11/2007,1,2007,6.2525,,,,,,
1/12/2007,1,2007,6.25,,,,,,
1/15/2007,1,2007,6.2475,,,,,,
1/16/2007,1,2007,6.245,,,,,,
1/17/2007,1,2007,6.2275,,,,,,
1/18/2007,1,2007,6.235,,,,,,
1/19/2007,1,2007,6.2325,,,,,,
1/22/2007,1,2007,6.1975,,,,,,
1/23/2007,1,2007,6.18,,,,,,
1/24/2007,1,2007,6.2175,,,,,,
1/25/2007,1,2007,6.2225,,,,,,
1/26/2007,1,2007,6.2425,,,,,,
1/29/2007,1,2007,6.23,,,,,,
1/30/2007,1,2007,6.2525,,,,,,
1/31/2007,1,2007,6.245,,,,,,
2/1/2007,2,2007,6.2475,,,,,,
2/2/2007,2,2007,6.2525,,,,,,
2/5/2007,2,2007,6.235,,,,,,
2/6/2007,2,2007,6.215,,,,,,
2/7/2007,2,2007,6.2225,,,,,,
2/8/2007,2,2007,6.215,,,,,,
2/9/2007,2,2007,6.2175,,,,,,
2/12/2007,2,2007,6.2175,,,,,,
2/13/2007,2,2007,6.225,,,,,,
2/14/2007,2,2007,6.2425,,,,,,
2/15/2007,2,2007,6.28,,,,,,
2/16/2007,2,2007,6.25,,,,,,
2/19/2007,2,2007,6.25,,,,,,
2/20/2007,2,2007,6.2575,,,,,,
2/21/2007,2,2007,6.2525,,,,,,
2/22/2007,2,2007,6.2475,,,,,,
2/23/2007,2,2007,6.2425,,,,,,
2/26/2007,2,2007,6.245,,,,,,
2/27/2007,2,2007,6.245,,,,,,
2/28/2007,2,2007,6.2425,,,,,,
3/1/2007,3,2007,6.225,,,,,,
3/2/2007,3,2007,6.2175,,,,,,
3/5/2007,3,2007,6.2,,,,,,
3/6/2007,3,2007,6.2,,,,,,
3/7/2007,3,2007,6.1825,,,,,,
3/8/2007,3,2007,6.2,,,,,,
3/9/2007,3,2007,6.195,,,,,,
3/12/2007,3,2007,6.205,,,,,,
3/13/2007,3,2007,6.215,,,,,,
3/14/2007,3,2007,6.22,,,,,,
3/15/2007,3,2007,6.2175,,,,,,
3/16/2007,3,2007,6.23,,,,,,
3/19/2007,3,2007,6.2775,,,,,,
3/20/2007,3,2007,6.3175,,,,,,
3/21/2007,3,2007,6.32,,,,,,
3/22/2007,3,2007,6.2975,,,,,,
3/23/2007,3,2007,6.2875,,,,,,
3/26/2007,3,2007,6.2375,,,,,,
3/27/2007,3,2007,6.225,,,,,,
3/28/2007,3,2007,6.235,,,,,,
3/29/2007,3,2007,6.255,,,,,,
3/30/2007,3,2007,6.255,,,,,,
4/2/2007,4,2007,6.34,,,,,,
4/3/2007,4,2007,6.3925,,,,,,
4/4/2007,4,2007,6.275,,,,,,
4/5/2007,4,2007,6.27,,,,,,
4/10/2007,4,2007,6.2475,,,,,,
4/11/2007,4,2007,6.2225,,,,,,
4/12/2007,4,2007,6.205,,,,,,
4/13/2007,4,2007,6.215,,,,,,
4/16/2007,4,2007,6.2,,,,,,
4/17/2007,4,2007,6.1875,,,,,,
4/18/2007,4,2007,6.2,,,,,,
4/19/2007,4,2007,6.1775,,,,,,
4/20/2007,4,2007,6.165,,,,,,
4/23/2007,4,2007,6.155,,,,,,
4/24/2007,4,2007,6.105,,,,,,
4/25/2007,4,2007,6.09,,,,,,
4/26/2007,4,2007,6.13,,,,,,
4/27/2007,4,2007,6.155,,,,,,
4/30/2007,4,2007,6.185,,,,,,
5/1/2007,5,2007,6.17,,,,,,
5/2/2007,5,2007,6.1275,,,,,,
5/3/2007,5,2007,6.115,,,,,,
5/4/2007,5,2007,6.18,,,,,,
5/8/2007,5,2007,6.175,,,,,,
5/9/2007,5,2007,6.1925,,,,,,
5/10/2007,5,2007,6.185,,,,,,
5/11/2007,5,2007,6.1825,,,,,,
5/14/2007,5,2007,6.1825,,,,,,
5/15/2007,5,2007,6.175,,,,,,
5/16/2007,5,2007,6.1675,,,,,,
5/17/2007,5,2007,6.17,,,,,,
5/18/2007,5,2007,6.18,,,,,,
5/21/2007,5,2007,6.17,,,,,,
5/22/2007,5,2007,6.175,,,,,,
5/23/2007,5,2007,6.2125,,,,,,
5/24/2007,5,2007,6.215,,,,,,
5/25/2007,5,2007,6.2375,,,,,,
5/29/2007,5,2007,6.22,,,,,,
5/30/2007,5,2007,6.235,,,,,,
5/31/2007,5,2007,6.2325,,,,,,
6/1/2007,6,2007,6.2225,,,,,,
6/4/2007,6,2007,6.2425,,,,,,
6/5/2007,6,2007,6.28,,,,,,
6/6/2007,6,2007,6.2475,,,,,,
6/7/2007,6,2007,6.245,,,,,,
6/8/2007,6,2007,6.2525,,,,,,
6/11/2007,6,2007,6.25,,,,,,
6/12/2007,6,2007,6.24,,,,,,
6/13/2007,6,2007,6.2,,,,,,
6/14/2007,6,2007,6.2025,,,,,,
6/15/2007,6,2007,6.185,,,,,,
6/18/2007,6,2007,6.195,,,,,,
6/19/2007,6,2007,6.1975,,,,,,
6/20/2007,6,2007,6.205,,,,,,
6/21/2007,6,2007,6.21,,,,,,
6/22/2007,6,2007,6.2125,,,,,,
6/25/2007,6,2007,6.2025,,,,,,
6/26/2007,6,2007,6.205,,,,,,
6/27/2007,6,2007,6.26,,,,,,
6/28/2007,6,2007,6.2375,,,,,,
6/29/2007,6,2007,6.2125,,,,,,
7/2/2007,7,2007,6.1975,,,,,,
7/3/2007,7,2007,6.1925,,,,,,
7/4/2007,7,2007,6.1675,,,,,,
7/5/2007,7,2007,6.1575,,,,,,
7/6/2007,7,2007,6.21,,,,,,
7/9/2007,7,2007,6.2375,,,,,,
7/10/2007,7,2007,6.2825,,,,,,
7/11/2007,7,2007,6.26,,,,,,
7/12/2007,7,2007,6.2225,,,,,,
7/13/2007,7,2007,6.21,,,,,,
7/16/2007,7,2007,6.2175,,,,,,
7/17/2007,7,2007,6.215,,,,,,
7/18/2007,7,2007,6.28,,,,,,
7/19/2007,7,2007,6.2775,,,,,,
7/20/2007,7,2007,6.2675,,,,,,
7/23/2007,7,2007,6.23,,,,,,
7/24/2007,7,2007,6.2125,,,,,,
7/25/2007,7,2007,6.2025,,,,,,
7/26/2007,7,2007,6.21,,,,,,
7/27/2007,7,2007,6.205,,,,,,
7/30/2007,7,2007,6.175,,,,,,
7/31/2007,7,2007,6.135,,,,,,
8/1/2007,8,2007,6.115,,,,,,
8/2/2007,8,2007,6.21,,,,,,
8/3/2007,8,2007,6.37,,,,,,
8/6/2007,8,2007,6.385,,,,,,
8/7/2007,8,2007,6.405,,,,,,
8/8/2007,8,2007,6.445,,,,,,
8/9/2007,8,2007,6.5875,,,,,,
8/10/2007,8,2007,6.675,,,,,,
8/13/2007,8,2007,6.4675,,,,,,
8/14/2007,8,2007,6.225,,,,,,
8/15/2007,8,2007,6.2875,,,,,,
8/16/2007,8,2007,6.6875,,,,,,
8/17/2007,8,2007,6.825,,,,,,
8/20/2007,8,2007,6.71,,,,,,
8/21/2007,8,2007,6.625,,,,,,
8/22/2007,8,2007,6.525,,,,,,
8/23/2007,8,2007,6.5,,,,,,
8/24/2007,8,2007,6.5375,,,,,,
8/28/2007,8,2007,6.3875,,,,,,
8/29/2007,8,2007,6.4875,,,,,,
8/30/2007,8,2007,6.505,,,,,,
8/31/2007,8,2007,6.6875,,,,,,
9/3/2007,9,2007,6.5125,,,,,,
9/4/2007,9,2007,6.5625,,,,,,
9/5/2007,9,2007,6.525,,,,,,
9/6/2007,9,2007,6.455,,,,,,
9/7/2007,9,2007,6.4125,,,,,,
9/10/2007,9,2007,6.12,,,,,,
9/11/2007,9,2007,6.225,,,,,,
9/12/2007,9,2007,6.3825,,,,,,
9/13/2007,9,2007,6.4375,,,,,,
9/14/2007,9,2007,6.375,,,,,,
9/17/2007,9,2007,6.315,,,,,,
9/18/2007,9,2007,6.4375,,,,,,
9/19/2007,9,2007,6.575,,,,,,
9/20/2007,9,2007,6.5525,,,,,,
9/21/2007,9,2007,6.4975,,,,,,
9/24/2007,9,2007,6.5175,,,,,,
9/25/2007,9,2007,6.5175,,,,,,
9/26/2007,9,2007,6.58,,,,,,
9/27/2007,9,2007,6.6,,,,,,
9/28/2007,9,2007,6.575,,,,,,
10/1/2007,10,2007,6.5425,,,,,,
10/2/2007,10,2007,6.575,,,,,,
10/3/2007,10,2007,6.625,,,,,,
10/4/2007,10,2007,6.6275,,,,,,
10/5/2007,10,2007,6.6375,,,,,,
10/8/2007,10,2007,6.7125,,,,,,
10/9/2007,10,2007,6.9375,,,,,,
10/10/2007,10,2007,6.6675,,,,,,
10/11/2007,10,2007,6.5125,,,,,,
10/12/2007,10,2007,6.5125,,,,,,
10/15/2007,10,2007,6.4625,,,,,,
10/16/2007,10,2007,6.43,,,,,,
10/17/2007,10,2007,6.475,,,,,,
10/18/2007,10,2007,6.5,,,,,,
10/19/2007,10,2007,6.46,,,,,,
10/22/2007,10,2007,6.4725,,,,,,
10/23/2007,10,2007,6.4575,,,,,,
10/24/2007,10,2007,6.45,,,,,,
10/25/2007,10,2007,6.415,,,,,,
10/26/2007,10,2007,6.395,,,,,,
10/29/2007,10,2007,6.37,,,,,,
10/30/2007,10,2007,6.4,,,,,,
10/31/2007,10,2007,6.395,,,,,,
11/1/2007,11,2007,6.4,,,,,,
11/2/2007,11,2007,6.3475,,,,,,
11/5/2007,11,2007,6.2825,,,,,,
11/6/2007,11,2007,6.5,,,,,,
11/7/2007,11,2007,6.59,,,,,,
11/8/2007,11,2007,6.6225,,,,,,
11/9/2007,11,2007,6.655,,,,,,
11/12/2007,11,2007,6.645,,,,,,
11/13/2007,11,2007,6.66,,,,,,
11/14/2007,11,2007,6.6575,,,,,,
11/15/2007,11,2007,6.675,,,,,,
11/16/2007,11,2007,6.6675,,,,,,
11/19/2007,11,2007,6.6625,,,,,,
11/20/2007,11,2007,6.72,,,,,,
11/21/2007,11,2007,6.725,,,,,,
11/22/2007,11,2007,6.7175,,,,,,
11/23/2007,11,2007,6.73,,,,,,
11/26/2007,11,2007,6.6575,,,,,,
11/27/2007,11,2007,6.4625,,,,,,
11/28/2007,11,2007,6.325,,,,,,
11/29/2007,11,2007,6.4325,,,,,,
11/30/2007,11,2007,5.9,,,,,,
12/3/2007,12,2007,5.875,,,,,,
12/4/2007,12,2007,5.6875,,,,,,
12/5/2007,12,2007,5.775,,,,,,
12/6/2007,12,2007,6.6625,,,,,,
12/7/2007,12,2007,6.6125,,,,,,
12/10/2007,12,2007,6.475,,,,,,
12/11/2007,12,2007,6.65,,,,,,
12/12/2007,12,2007,6.5425,,,,,,
12/13/2007,12,2007,6.05,,,,,,
12/14/2007,12,2007,5.8975,,,,,,
12/17/2007,12,2007,5.9125,,,,,,
12/18/2007,12,2007,6.25,,,,,,
12/19/2007,12,2007,6.2875,,,,,,
12/20/2007,12,2007,6.2,,,,,,
12/21/2007,12,2007,6.055,,,,,,
12/24/2007,12,2007,6.0225,,,,,,
12/27/2007,12,2007,6.0625,,,,,,
12/28/2007,12,2007,5.65,,,,,,
12/31/2007,12,2007,5.25,,,,,,
1/2/2008,1,2008,5.0875,,,,,,
1/3/2008,1,2008,5.5025,,,,,,
1/4/2008,1,2008,6.67,,,,,,
1/7/2008,1,2008,6.5425,,,,,,
1/8/2008,1,2008,6.475,,,,,,
1/9/2008,1,2008,6.72,,,,,,
1/10/2008,1,2008,6.7,,,,,,
1/11/2008,1,2008,6.6125,,,,,,
1/14/2008,1,2008,6.6775,,,,,,
1/15/2008,1,2008,6.7875,,,,,,
1/16/2008,1,2008,6.7625,,,,,,
1/17/2008,1,2008,6.74,,,,,,
1/18/2008,1,2008,6.795,,,,,,
1/21/2008,1,2008,6.75,,,,,,
1/22/2008,1,2008,6.645,,,,,,
1/23/2008,1,2008,6.54,,,,,,
1/24/2008,1,2008,6.5375,,,,,,
1/25/2008,1,2008,6.6,,,,,,
1/28/2008,1,2008,6.575,,,,,,
1/29/2008,1,2008,6.6875,,,,,,
1/30/2008,1,2008,6.8,,,,,,
1/31/2008,1,2008,6.75,,,,,,
2/1/2008,2,2008,6.75,,,,,,
2/4/2008,2,2008,6.7625,,,,,,
2/5/2008,2,2008,6.8625,,,,,,
2/6/2008,2,2008,7.0325,,,,,,
2/7/2008,2,2008,7.12,,,,,,
2/8/2008,2,2008,7.1625,,,,,,
2/11/2008,2,2008,7.0525,,,,,,
2/12/2008,2,2008,6.95,,,,,,
2/13/2008,2,2008,6.96,,,,,,
2/14/2008,2,2008,7,,,,,,
2/15/2008,2,2008,7.0075,,,,,,
2/18/2008,2,2008,7.0175,,,,,,
2/19/2008,2,2008,7.0025,,,,,,
2/20/2008,2,2008,7,,,,,,
2/21/2008,2,2008,7,,,,,,
2/22/2008,2,2008,7,,,,,,
2/25/2008,2,2008,6.9725,,,,,,
2/26/2008,2,2008,6.9325,,,,,,
2/27/2008,2,2008,6.9125,,,,,,
2/28/2008,2,2008,7.0375,,,,,,
2/29/2008,2,2008,6.945,,,,,,
3/3/2008,3,2008,7.1125,,,,,,
3/4/2008,3,2008,7.15,,,,,,
3/5/2008,3,2008,7.2,,,,,,
3/6/2008,3,2008,7.195,,,,,,
3/7/2008,3,2008,7.215,,,,,,
3/10/2008,3,2008,7.25,,,,,,
3/11/2008,3,2008,7.205,,,,,,
3/12/2008,3,2008,7.17,,,,,,
3/13/2008,3,2008,7.1275,,,,,,
3/14/2008,3,2008,7.2625,,,,,,
3/17/2008,3,2008,7.4,,,,,,
3/18/2008,3,2008,7.5,,,,,,
3/19/2008,3,2008,7.325,,,,,,
3/20/2008,3,2008,7.2,,,,,,
3/25/2008,3,2008,7.05,,,,,,
3/26/2008,3,2008,7.2375,,,,,,
3/27/2008,3,2008,7.275,,,,,,
3/28/2008,3,2008,7.325,,,,,,
3/31/2008,3,2008,7.25,,,,,,
4/1/2008,4,2008,7.125,,,,,,
4/2/2008,4,2008,7.1,,,,,,
4/3/2008,4,2008,7.145,,,,,,
4/4/2008,4,2008,7.075,,,,,,
4/7/2008,4,2008,6.85,,,,,,
4/8/2008,4,2008,6.9125,,,,,,
4/9/2008,4,2008,7.1075,,,,,,
4/10/2008,4,2008,7.3075,,,,,,
4/11/2008,4,2008,7.3125,,,,,,
4/14/2008,4,2008,7.3,,,,,,
4/15/2008,4,2008,7.2425,,,,,,
4/16/2008,4,2008,7.18,,,,,,
4/17/2008,4,2008,7.22,,,,,,
4/18/2008,4,2008,7.25,,,,,,
4/21/2008,4,2008,7.2075,,,,,,
4/22/2008,4,2008,7.2075,,,,,,
4/23/2008,4,2008,7.165,,,,,,
4/24/2008,4,2008,7.1475,,,,,,
4/25/2008,4,2008,7.1125,,,,,,
4/28/2008,4,2008,7.1,,,,,,
4/29/2008,4,2008,7.2,,,,,,
4/30/2008,4,2008,7.2875,,,,,,
5/1/2008,5,2008,7.2125,,,,,,
5/2/2008,5,2008,7.175,,,,,,
5/6/2008,5,2008,7.1775,,,,,,
5/7/2008,5,2008,7.1375,,,,,,
5/8/2008,5,2008,6.975,,,,,,
5/9/2008,5,2008,6.9625,,,,,,
5/12/2008,5,2008,7.095,,,,,,
5/13/2008,5,2008,7.1375,,,,,,
5/14/2008,5,2008,7.1375,,,,,,
5/15/2008,5,2008,7.1125,,,,,,
5/16/2008,5,2008,7.0725,,,,,,
5/19/2008,5,2008,7.0775,,,,,,
5/20/2008,5,2008,7.2125,,,,,,
5/21/2008,5,2008,7.3075,,,,,,
5/22/2008,5,2008,7.2125,,,,,,
5/23/2008,5,2008,7.2375,,,,,,
5/27/2008,5,2008,7.1125,,,,,,
5/28/2008,5,2008,7.0825,,,,,,
5/29/2008,5,2008,7.2225,,,,,,
5/30/2008,5,2008,7.22,,,,,,
6/2/2008,6,2008,7.1525,,,,,,
6/3/2008,6,2008,7.1625,,,,,,
6/4/2008,6,2008,7.2175,,,,,,
6/5/2008,6,2008,7.2,,,,,,
6/6/2008,6,2008,7.1875,,,,,,
6/9/2008,6,2008,7.115,,,,,,
6/10/2008,6,2008,7.0625,,,,,,
6/11/2008,6,2008,7.095,,,,,,
6/12/2008,6,2008,7.3,,,,,,
6/13/2008,6,2008,7.3125,,,,,,
6/16/2008,6,2008,7.16,,,,,,
6/17/2008,6,2008,7.145,,,,,,
6/18/2008,6,2008,7.1625,,,,,,
6/19/2008,6,2008,7.195,,,,,,
6/20/2008,6,2008,7.1725,,,,,,
6/23/2008,6,2008,7.1825,,,,,,
6/24/2008,6,2008,7.2125,,,,,,
6/25/2008,6,2008,7.3125,,,,,,
6/26/2008,6,2008,7.5625,,,,,,
6/27/2008,6,2008,7.3375,,,,,,
6/30/2008,6,2008,7.2975,,,,,,
7/1/2008,7,2008,7.29,,,,,,
7/2/2008,7,2008,7.29,,,,,,
7/3/2008,7,2008,7.265,,,,,,
7/4/2008,7,2008,7.2865,,,,,,
7/7/2008,7,2008,7.2575,,,,,,
7/8/2008,7,2008,7.2375,,,,,,
7/9/2008,7,2008,7.2375,,,,,,
7/10/2008,7,2008,7.225,,,,,,
7/11/2008,7,2008,7.23,,,,,,
7/14/2008,7,2008,7.2225,,,,,,
7/15/2008,7,2008,7.2125,,,,,,
7/16/2008,7,2008,7.2225,,,,,,
7/17/2008,7,2008,7.2,,,,,,
7/18/2008,7,2008,7.1425,,,,,,
7/21/2008,7,2008,7.1575,,,,,,
7/22/2008,7,2008,7.155,,,,,,
7/23/2008,7,2008,7.15,,,,,,
7/24/2008,7,2008,7.315,,,,,,
7/25/2008,7,2008,7.3225,,,,,,
7/28/2008,7,2008,7.31,,,,,,
7/29/2008,7,2008,7.4,,,,,,
7/30/2008,7,2008,7.455,,,,,,
7/31/2008,7,2008,7.425,,,,,,
8/1/2008,8,2008,7.4625,,,,,,
8/4/2008,8,2008,7.455,,,,,,
8/5/2008,8,2008,7.4875,,,,,,
8/6/2008,8,2008,7.5,,,,,,
8/7/2008,8,2008,7.3125,,,,,,
8/8/2008,8,2008,7.2825,,,,,,
8/11/2008,8,2008,7.2225,,,,,,
8/12/2008,8,2008,7.17,,,,,,
8/13/2008,8,2008,7.1475,,,,,,
8/14/2008,8,2008,7.1575,,,,,,
8/15/2008,8,2008,7.145,,,,,,
8/18/2008,8,2008,7.025,,,,,,
8/19/2008,8,2008,7.0475,,,,,,
8/20/2008,8,2008,7.225,,,,,,
8/21/2008,8,2008,7.2125,,,,,,
8/22/2008,8,2008,7.15,,,,,,
8/26/2008,8,2008,7.1,,,,,,
8/27/2008,8,2008,7.0825,,,,,,
8/28/2008,8,2008,7.1,,,,,,
8/29/2008,8,2008,7.105,,,,,,
9/1/2008,9,2008,7.1075,,,,,,
9/2/2008,9,2008,7.0525,,,,,,
9/3/2008,9,2008,7.125,,,,,,
9/4/2008,9,2008,7.0775,,,,,,
9/5/2008,9,2008,7.09,,,,,,
9/8/2008,9,2008,7.09,,,,,,
9/9/2008,9,2008,7.0875,,,,,,
9/10/2008,9,2008,7.1,,,,,,
9/11/2008,9,2008,7.0925,,,,,,
9/12/2008,9,2008,7.105,,,,,,
9/15/2008,9,2008,7.325,,,,,,
9/16/2008,9,2008,8.3625,,,,,,
9/17/2008,9,2008,7.625,,,,,,
9/18/2008,9,2008,6.25,,,,,,
9/19/2008,9,2008,7.225,,,,,,
9/22/2008,9,2008,6.6875,,,,,,
9/23/2008,9,2008,6.25,,,,,,
9/24/2008,9,2008,6.25,,,,,,
9/25/2008,9,2008,7,,,,,,
9/26/2008,9,2008,6.9375,,,,,,
9/29/2008,9,2008,7.25,,,,,,
9/30/2008,9,2008,6.9375,,,,,,
10/1/2008,10,2008,7.125,,,,,,
10/2/2008,10,2008,7.4375,,,,,,
10/3/2008,10,2008,7.4,,,,,,
10/6/2008,10,2008,7.25,,,,,,
10/7/2008,10,2008,6.375,,,,,,
10/8/2008,10,2008,7.1875,,,,,,
10/9/2008,10,2008,7.9875,,,,,,
10/10/2008,10,2008,8,,,,,,
10/13/2008,10,2008,7.6875,,,,,,
10/14/2008,10,2008,7.975,,,,,,
10/15/2008,10,2008,7.3125,,,,,,
10/16/2008,10,2008,7.325,,,,,,
10/17/2008,10,2008,7.175,,,,,,
10/20/2008,10,2008,6.9875,,,,,,
10/21/2008,10,2008,6.6875,,,,,,
10/22/2008,10,2008,6.4375,,,,,,
10/23/2008,10,2008,6.4,,,,,,
10/24/2008,10,2008,6.3875,,,,,,
10/27/2008,10,2008,6.375,,,,,,
10/28/2008,10,2008,6.425,,,,,,
10/29/2008,10,2008,6.5625,,,,,,
10/30/2008,10,2008,6.55,,,,,,
10/31/2008,10,2008,6.6125,,,,,,
11/3/2008,11,2008,6.5875,,,,,,
11/4/2008,11,2008,6.35,,,,,,
11/5/2008,11,2008,6.1125,,,,,,
11/6/2008,11,2008,5.875,,,,,,
11/7/2008,11,2008,5.8875,,,,,,
11/10/2008,11,2008,5.5,,,,,,
11/11/2008,11,2008,5.6875,,,,,,
11/12/2008,11,2008,5.7375,,,,,,
11/13/2008,11,2008,5.9,,,,,,
11/14/2008,11,2008,5.75,,,,,,
11/17/2008,11,2008,5.8125,,,,,,
11/18/2008,11,2008,5.75,,,,,,
11/19/2008,11,2008,5.625,,,,,,
11/20/2008,11,2008,5.575,,,,,,
11/21/2008,11,2008,5.525,,,,,,
11/24/2008,11,2008,5.1125,,,,,,
11/25/2008,11,2008,5.1125,,,,,,
11/26/2008,11,2008,5.0875,,,,,,
11/27/2008,11,2008,5.175,,,,,,
11/28/2008,11,2008,5.1875,,,,,,
12/1/2008,12,2008,5.075,,,,,,
12/2/2008,12,2008,5,,,,,,
12/3/2008,12,2008,5,,,,,,
12/4/2008,12,2008,5,,,,,,
12/5/2008,12,2008,4.825,,,,,,
12/8/2008,12,2008,4.7875,,,,,,
12/9/2008,12,2008,5.375,,,,,,
12/10/2008,12,2008,5.4125,,,,,,
12/11/2008,12,2008,5.5875,,,,,,
12/12/2008,12,2008,5.0625,,,,,,
12/15/2008,12,2008,4.615,,,,,,
12/16/2008,12,2008,4.6375,,,,,,
12/17/2008,12,2008,4.7375,,,,,,
12/18/2008,12,2008,4.9375,,,,,,
12/19/2008,12,2008,5.1375,,,,,,
12/22/2008,12,2008,4.625,,,,,,
12/23/2008,12,2008,4.7375,,,,,,
12/24/2008,12,2008,4.8375,,,,,,
12/29/2008,12,2008,4.775,,,,,,
12/30/2008,12,2008,4.8375,,,,,,
12/31/2008,12,2008,4.8875,,,,,,
1/2/2009,1,2009,4.2375,,,,,,
1/5/2009,1,2009,4.025,,,,,,
1/6/2009,1,2009,4,,,,,,
1/7/2009,1,2009,4,,,,,,
1/8/2009,1,2009,4.1625,,,,,,
1/9/2009,1,2009,4.3625,,,,,,
1/12/2009,1,2009,4.55,,,,,,
1/13/2009,1,2009,4.5,,,,,,
1/14/2009,1,2009,4.4125,,,,,,
1/15/2009,1,2009,4.5325,,,,,,
1/16/2009,1,2009,4.5,,,,,,
1/19/2009,1,2009,4.5375,,,,,,
1/20/2009,1,2009,4.5875,,,,,,
1/21/2009,1,2009,4.7875,,,,,,
1/22/2009,1,2009,5.375,,,,,,
1/23/2009,1,2009,5.4875,,,,,,
1/26/2009,1,2009,5.875,,,,,,
1/27/2009,1,2009,5.75,,,,,,
1/28/2009,1,2009,5.35,,,,,,
1/29/2009,1,2009,4.75,,,,,,
1/30/2009,1,2009,4.55,,,,,,
2/2/2009,2,2009,4.4125,,,,,,
2/3/2009,2,2009,4.175,,,,,,
2/4/2009,2,2009,4.8625,,,,,,
2/5/2009,2,2009,4.0375,,,,,,
2/6/2009,2,2009,3.925,,,,,,
2/9/2009,2,2009,3.75,,,,,,
2/10/2009,2,2009,3.65,,,,,,
2/11/2009,2,2009,3.625,,,,,,
2/12/2009,2,2009,3.7,,,,,,
2/13/2009,2,2009,3.7,,,,,,
2/16/2009,2,2009,3.6125,,,,,,
2/17/2009,2,2009,3.5375,,,,,,
2/18/2009,2,2009,3.5,,,,,,
2/19/2009,2,2009,3.6,,,,,,
2/20/2009,2,2009,3.45,,,,,,
2/23/2009,2,2009,3.4375,,,,,,
2/24/2009,2,2009,3.4625,,,,,,
2/25/2009,2,2009,3.4875,,,,,,
2/26/2009,2,2009,3.5375,,,,,,
2/27/2009,2,2009,3.4,,,,,,
3/2/2009,3,2009,3.4625,,,,,,
3/3/2009,3,2009,3.4,,,,,,
3/4/2009,3,2009,3.4,,,,,,
3/5/2009,3,2009,3.375,,,,,,
3/6/2009,3,2009,3.3375,,,,,,
3/9/2009,3,2009,3.275,,,,,,
3/10/2009,3,2009,3.25,,,,,,
3/11/2009,3,2009,3.325,,,,,,
3/12/2009,3,2009,3.4,,,,,,
3/13/2009,3,2009,3.3875,,,,,,
3/16/2009,3,2009,3.4,,,,,,
3/17/2009,3,2009,3.3,,,,,,
3/18/2009,3,2009,3.3125,,,,,,
3/19/2009,3,2009,3.2875,,,,,,
3/20/2009,3,2009,3.3125,,,,,,
3/23/2009,3,2009,3.35,,,,,,
3/24/2009,3,2009,3.3875,,,,,,
3/25/2009,3,2009,3.4,,,,,,
3/26/2009,3,2009,3.4625,,,,,,
3/27/2009,3,2009,3.45,,,,,,
3/30/2009,3,2009,3.4875,,,,,,
3/31/2009,3,2009,3.45,,,,,,
4/1/2009,4,2009,3.4,,,,,,
4/2/2009,4,2009,3.375,,,,,,
4/3/2009,4,2009,3.425,,,,,,
4/6/2009,4,2009,3.425,,,,,,
4/7/2009,4,2009,3.2,,,,,,
4/8/2009,4,2009,3.2,,,,,,
4/9/2009,4,2009,3.2375,,,,,,
4/14/2009,4,2009,3.21,,,,,,
4/15/2009,4,2009,3.1875,,,,,,
4/16/2009,4,2009,3.175,,,,,,
4/17/2009,4,2009,3.1625,,,,,,
4/20/2009,4,2009,3.125,,,,,,
4/21/2009,4,2009,3.1325,,,,,,
4/22/2009,4,2009,3.1125,,,,,,
4/23/2009,4,2009,3.1,,,,,,
4/24/2009,4,2009,3.0875,,,,,,
4/27/2009,4,2009,3.05,,,,,,
4/28/2009,4,2009,3.0575,,,,,,
4/29/2009,4,2009,3.025,,,,,,
4/30/2009,4,2009,3.03,,,,,,
5/1/2009,5,2009,3.055,,,,,,
5/5/2009,5,2009,3.0625,,,,,,
5/6/2009,5,2009,3.075,,,,,,
5/7/2009,5,2009,3.1,,,,,,
5/8/2009,5,2009,3.075,,,,,,
5/11/2009,5,2009,3.075,,,,,,
5/12/2009,5,2009,3.07,,,,,,
5/13/2009,5,2009,3.03,,,,,,
5/14/2009,5,2009,3,,,,,,
5/15/2009,5,2009,3,,,,,,
5/18/2009,5,2009,3,,,,,,
5/19/2009,5,2009,3.0125,,,,,,
5/20/2009,5,2009,3.0575,,,,,,
5/21/2009,5,2009,3.0825,,,,,,
5/22/2009,5,2009,3.0825,,,,,,
5/26/2009,5,2009,3.0325,,,,,,
5/27/2009,5,2009,3.0125,,,,,,
5/28/2009,5,2009,3.0625,,,,,,
5/29/2009,5,2009,3.075,,,,,,
6/1/2009,6,2009,3.08,,,,,,
6/2/2009,6,2009,3.07,,,,,,
6/3/2009,6,2009,3.08,,,,,,
6/4/2009,6,2009,3.0925,,,,,,
6/5/2009,6,2009,3.11,,,,,,
6/8/2009,6,2009,3.115,,,,,,
6/9/2009,6,2009,3.115,,,,,,
6/10/2009,6,2009,3.1275,,,,,,
6/11/2009,6,2009,3.15,,,,,,
6/12/2009,6,2009,3.125,,,,,,
6/15/2009,6,2009,3.1075,,,,,,
6/16/2009,6,2009,3.1275,,,,,,
6/17/2009,6,2009,3.1575,,,,,,
6/18/2009,6,2009,3.14,,,,,,
6/19/2009,6,2009,3.125,,,,,,
6/22/2009,6,2009,3.115,,,,,,
6/23/2009,6,2009,3.125,,,,,,
6/24/2009,6,2009,3.145,,,,,,
6/25/2009,6,2009,3.145,,,,,,
6/26/2009,6,2009,3.145,,,,,,
6/29/2009,6,2009,3.145,,,,,,
6/30/2009,6,2009,3.125,,,,,,
7/1/2009,7,2009,3.1,,,,,,
7/2/2009,7,2009,3.1,,,,,,
7/3/2009,7,2009,3.0925,,,,,,
7/6/2009,7,2009,3.0775,,,,,,
7/7/2009,7,2009,3.03,,,,,,
7/8/2009,7,2009,3.0525,,,,,,
7/9/2009,7,2009,3.0375,,,,,,
7/10/2009,7,2009,3.035,,,,,,
7/13/2009,7,2009,3.055,,,,,,
7/14/2009,7,2009,3.025,,,,,,
7/15/2009,7,2009,3.025,,,,,,
7/16/2009,7,2009,3.02,,,,,,
7/17/2009,7,2009,3.03,,,,,,
7/20/2009,7,2009,3.0325,,,,,,
7/21/2009,7,2009,3.02,,,,,,
7/22/2009,7,2009,3.03,,,,,,
7/23/2009,7,2009,3.0175,,,,,,
7/24/2009,7,2009,3.0175,,,,,,
7/27/2009,7,2009,2.98,,,,,,
7/28/2009,7,2009,2.9075,,,,,,
7/29/2009,7,2009,2.92,,,,,,
7/30/2009,7,2009,2.905,,,,,,
7/31/2009,7,2009,2.93,,,,,,
8/3/2009,8,2009,2.955,,,,,,
8/4/2009,8,2009,2.9625,,,,,,
8/5/2009,8,2009,2.9775,,,,,,
8/6/2009,8,2009,3.0375,,,,,,
8/7/2009,8,2009,3.075,,,,,,
8/10/2009,8,2009,3.0825,,,,,,
8/11/2009,8,2009,3.1025,,,,,,
8/12/2009,8,2009,3.0825,,,,,,
8/13/2009,8,2009,3.07,,,,,,
8/14/2009,8,2009,3.0775,,,,,,
8/17/2009,8,2009,3.0825,,,,,,
8/18/2009,8,2009,3.0725,,,,,,
8/19/2009,8,2009,3.08,,,,,,
8/20/2009,8,2009,3.07,,,,,,
8/21/2009,8,2009,3.0675,,,,,,
8/24/2009,8,2009,3.07,,,,,,
8/25/2009,8,2009,3.055,,,,,,
8/26/2009,8,2009,3.065,,,,,,
8/27/2009,8,2009,3.0675,,,,,,
8/28/2009,8,2009,3.0375,,,,,,
9/1/2009,9,2009,3.0475,,,,,,
9/2/2009,9,2009,3.025,,,,,,
9/3/2009,9,2009,3.0125,,,,,,
9/4/2009,9,2009,3.025,,,,,,
9/7/2009,9,2009,3.0075,,,,,,
9/8/2009,9,2009,3,,,,,,
9/9/2009,9,2009,3,,,,,,
9/10/2009,9,2009,3,,,,,,
9/11/2009,9,2009,3,,,,,,
9/14/2009,9,2009,3,,,,,,
9/15/2009,9,2009,3.0175,,,,,,
9/16/2009,9,2009,3.03,,,,,,
9/17/2009,9,2009,3.0325,,,,,,
9/18/2009,9,2009,3.0325,,,,,,
9/21/2009,9,2009,3.0325,,,,,,
9/22/2009,9,2009,3.0325,,,,,,
9/23/2009,9,2009,3.0325,,,,,,
9/24/2009,9,2009,3.0075,,,,,,
9/25/2009,9,2009,3.02,,,,,,
9/28/2009,9,2009,3.02,,,,,,
9/29/2009,9,2009,3.0125,,,,,,
9/30/2009,9,2009,3.015,,,,,,
10/1/2009,10,2009,3,,,,,,
10/2/2009,10,2009,3,,,,,,
10/5/2009,10,2009,3.025,,,,,,
10/6/2009,10,2009,3.2325,,,,,,
10/7/2009,10,2009,3.195,,,,,,
10/8/2009,10,2009,3.1875,,,,,,
10/9/2009,10,2009,3.1875,,,,,,
10/12/2009,10,2009,3.19,,,,,,
10/13/2009,10,2009,3.215,,,,,,
10/14/2009,10,2009,3.22,,,,,,
10/15/2009,10,2009,3.26,,,,,,
10/16/2009,10,2009,3.27,,,,,,
10/19/2009,10,2009,3.27,,,,,,
10/20/2009,10,2009,3.2775,,,,,,
10/21/2009,10,2009,3.285,,,,,,
10/22/2009,10,2009,3.2875,,,,,,
10/23/2009,10,2009,3.2875,,,,,,
10/26/2009,10,2009,3.275,,,,,,
10/27/2009,10,2009,3.2625,,,,,,
10/28/2009,10,2009,3.2375,,,,,,
10/29/2009,10,2009,3.2625,,,,,,
10/30/2009,10,2009,3.2525,,,,,,
11/2/2009,11,2009,3.325,,,,,,
11/3/2009,11,2009,3.42,,,,,,
11/4/2009,11,2009,3.4375,,,,,,
11/5/2009,11,2009,3.5375,,,,,,
11/6/2009,11,2009,3.54,,,,,,
11/9/2009,11,2009,3.54,,,,,,
11/10/2009,11,2009,3.5275,,,,,,
11/11/2009,11,2009,3.535,,,,,,
11/12/2009,11,2009,3.54,,,,,,
11/13/2009,11,2009,3.5425,,,,,,
11/16/2009,11,2009,3.515,,,,,,
11/17/2009,11,2009,3.5225,,,,,,
11/18/2009,11,2009,3.5425,,,,,,
11/19/2009,11,2009,3.6125,,,,,,
11/20/2009,11,2009,3.6125,,,,,,
11/23/2009,11,2009,3.605,,,,,,
11/24/2009,11,2009,3.64,,,,,,
11/25/2009,11,2009,3.6475,,,,,,
11/26/2009,11,2009,3.6625,,,,,,
11/27/2009,11,2009,3.5175,,,,,,
11/30/2009,11,2009,3.54,,,,,,
12/1/2009,12,2009,3.7125,,,,,,
12/2/2009,12,2009,3.8,,,,,,
12/3/2009,12,2009,3.8125,,,,,,
12/4/2009,12,2009,3.8275,,,,,,
12/7/2009,12,2009,3.82,,,,,,
12/8/2009,12,2009,3.8175,,,,,,
12/9/2009,12,2009,3.8075,,,,,,
12/10/2009,12,2009,3.8075,,,,,,
12/11/2009,12,2009,3.83,,,,,,
12/14/2009,12,2009,3.8675,,,,,,
12/15/2009,12,2009,3.975,,,,,,
12/16/2009,12,2009,3.955,,,,,,
12/17/2009,12,2009,4.0275,,,,,,
12/18/2009,12,2009,4.0825,,,,,,
12/21/2009,12,2009,4,,,,,,
12/22/2009,12,2009,3.8375,,,,,,
12/23/2009,12,2009,3.835,,,,,,
12/24/2009,12,2009,3.8625,,,,,,
12/29/2009,12,2009,3.875,,,,,,
12/30/2009,12,2009,3.8625,,,,,,
12/31/2009,12,2009,3.79,,,,,,
1/4/2010,1,2010,3.735,,,,,,
1/5/2010,1,2010,3.7775,,,,,,
1/6/2010,1,2010,3.8,,,,,,
1/7/2010,1,2010,3.8175,,,,,,
1/8/2010,1,2010,3.8625,,,,,,
1/11/2010,1,2010,3.845,,,,,,
1/12/2010,1,2010,3.83,,,,,,
1/13/2010,1,2010,3.8125,,,,,,
1/14/2010,1,2010,3.8025,,,,,,
1/15/2010,1,2010,3.795,,,,,,
1/18/2010,1,2010,3.7975,,,,,,
1/19/2010,1,2010,3.795,,,,,,
1/20/2010,1,2010,3.795,,,,,,
1/21/2010,1,2010,3.795,,,,,,
1/22/2010,1,2010,3.7875,,,,,,
1/25/2010,1,2010,3.785,,,,,,
1/26/2010,1,2010,3.785,,,,,,
1/27/2010,1,2010,3.79,,,,,,
1/28/2010,1,2010,3.8,,,,,,
1/29/2010,1,2010,3.81,,,,,,
2/1/2010,2,2010,3.8125,,,,,,
2/2/2010,2,2010,3.7875,,,,,,
2/3/2010,2,2010,3.775,,,,,,
2/4/2010,2,2010,3.77,,,,,,
2/5/2010,2,2010,3.7675,,,,,,
2/8/2010,2,2010,3.7675,,,,,,
2/9/2010,2,2010,3.7675,,,,,,
2/10/2010,2,2010,3.7825,,,,,,
2/11/2010,2,2010,3.8325,,,,,,
2/12/2010,2,2010,3.835,,,,,,
2/15/2010,2,2010,3.835,,,,,,
2/16/2010,2,2010,3.8175,,,,,,
2/17/2010,2,2010,3.8175,,,,,,
2/18/2010,2,2010,3.8175,,,,,,
2/19/2010,2,2010,3.83,,,,,,
2/22/2010,2,2010,3.8375,,,,,,
2/23/2010,2,2010,3.8225,,,,,,
2/24/2010,2,2010,3.82,,,,,,
2/25/2010,2,2010,3.825,,,,,,
2/26/2010,2,2010,3.83,,,,,,
3/1/2010,3,2010,3.815,,,,,,
3/2/2010,3,2010,3.945,,,,,,
3/3/2010,3,2010,3.92,,,,,,
3/4/2010,3,2010,3.925,,,,,,
3/5/2010,3,2010,3.94,,,,,,
3/8/2010,3,2010,3.9075,,,,,,
3/9/2010,3,2010,3.94,,,,,,
3/10/2010,3,2010,3.9875,,,,,,
3/11/2010,3,2010,3.9975,,,,,,
3/12/2010,3,2010,3.9725,,,,,,
3/15/2010,3,2010,3.935,,,,,,
3/16/2010,3,2010,3.8625,,,,,,
3/17/2010,3,2010,3.8975,,,,,,
3/18/2010,3,2010,3.93,,,,,,
3/19/2010,3,2010,3.9325,,,,,,
3/22/2010,3,2010,3.9725,,,,,,
3/23/2010,3,2010,3.9775,,,,,,
3/24/2010,3,2010,3.99,,,,,,
3/25/2010,3,2010,3.9925,,,,,,
3/26/2010,3,2010,4,,,,,,
3/29/2010,3,2010,4.0075,,,,,,
3/30/2010,3,2010,4.015,,,,,,
3/31/2010,3,2010,4.015,,,,,,
4/1/2010,4,2010,4.0075,,,,,,
4/6/2010,4,2010,4.195,,,,,,
4/7/2010,4,2010,4.1625,,,,,,
4/8/2010,4,2010,4.16,,,,,,
4/9/2010,4,2010,4.1625,,,,,,
4/12/2010,4,2010,4.2025,,,,,,
4/13/2010,4,2010,4.2375,,,,,,
4/14/2010,4,2010,4.2275,,,,,,
4/15/2010,4,2010,4.275,,,,,,
4/16/2010,4,2010,4.325,,,,,,
4/19/2010,4,2010,4.3325,,,,,,
4/20/2010,4,2010,4.32,,,,,,
4/21/2010,4,2010,4.3325,,,,,,
4/22/2010,4,2010,4.34,,,,,,
4/23/2010,4,2010,4.33,,,,,,
4/26/2010,4,2010,4.3075,,,,,,
4/27/2010,4,2010,4.2975,,,,,,
4/28/2010,4,2010,4.2775,,,,,,
4/29/2010,4,2010,4.2775,,,,,,
4/30/2010,4,2010,4.2775,,,,,,
5/4/2010,5,2010,4.39,,,,,,
5/5/2010,5,2010,4.4,,,,,,
5/6/2010,5,2010,4.4,,,,,,
5/7/2010,5,2010,4.41,,,,,,
5/10/2010,5,2010,4.52,,,,,,
5/11/2010,5,2010,4.56,,,,,,
5/12/2010,5,2010,4.5725,,,,,,
5/13/2010,5,2010,4.5575,,,,,,
5/14/2010,5,2010,4.555,,,,,,
5/17/2010,5,2010,4.545,,,,,,
5/18/2010,5,2010,4.5675,,,,,,
5/19/2010,5,2010,4.5725,,,,,,
5/20/2010,5,2010,4.615,,,,,,
5/21/2010,5,2010,4.67,,,,,,
5/24/2010,5,2010,4.7075,,,,,,
5/25/2010,5,2010,4.575,,,,,,
5/26/2010,5,2010,4.4875,,,,,,
5/27/2010,5,2010,4.565,,,,,,
5/28/2010,5,2010,4.6125,,,,,,
6/1/2010,6,2010,4.5825,,,,,,
6/2/2010,6,2010,4.5775,,,,,,
6/3/2010,6,2010,4.565,,,,,,
6/4/2010,6,2010,4.5575,,,,,,
6/7/2010,6,2010,4.5575,,,,,,
6/8/2010,6,2010,4.5675,,,,,,
6/9/2010,6,2010,4.5575,,,,,,
6/10/2010,6,2010,4.59,,,,,,
6/11/2010,6,2010,4.5975,,,,,,
6/14/2010,6,2010,4.6,,,,,,
6/15/2010,6,2010,4.59,,,,,,
6/16/2010,6,2010,4.58,,,,,,
6/17/2010,6,2010,4.58,,,,,,
6/18/2010,6,2010,4.605,,,,,,
6/21/2010,6,2010,4.5975,,,,,,
6/22/2010,6,2010,4.5975,,,,,,
6/23/2010,6,2010,4.5725,,,,,,
6/24/2010,6,2010,4.525,,,,,,
6/25/2010,6,2010,4.5175,,,,,,
6/28/2010,6,2010,4.525,,,,,,
6/29/2010,6,2010,4.53,,,,,,
6/30/2010,6,2010,4.515,,,,,,
7/1/2010,7,2010,4.5425,,,,,,
7/2/2010,7,2010,4.555,,,,,,
7/5/2010,7,2010,4.5875,,,,,,
7/6/2010,7,2010,4.6125,,,,,,
7/7/2010,7,2010,4.6525,,,,,,
7/8/2010,7,2010,4.665,,,,,,
7/9/2010,7,2010,4.6525,,,,,,
7/12/2010,7,2010,4.655,,,,,,
7/13/2010,7,2010,4.6425,,,,,,
7/14/2010,7,2010,4.6425,,,,,,
7/15/2010,7,2010,4.6425,,,,,,
7/16/2010,7,2010,4.6225,,,,,,
7/19/2010,7,2010,4.6075,,,,,,
7/20/2010,7,2010,4.5775,,,,,,
7/21/2010,7,2010,4.565,,,,,,
7/22/2010,7,2010,4.5675,,,,,,
7/23/2010,7,2010,4.565,,,,,,
7/26/2010,7,2010,4.57,,,,,,
7/27/2010,7,2010,4.57,,,,,,
7/28/2010,7,2010,4.56,,,,,,
7/29/2010,7,2010,4.5475,,,,,,
7/30/2010,7,2010,4.5475,,,,,,
8/2/2010,8,2010,4.56,,,,,,
8/3/2010,8,2010,4.55,,,,,,
8/4/2010,8,2010,4.575,,,,,,
8/5/2010,8,2010,4.5875,,,,,,
8/6/2010,8,2010,4.585,,,,,,
8/9/2010,8,2010,4.59,,,,,,
8/10/2010,8,2010,4.5775,,,,,,
8/11/2010,8,2010,4.5625,,,,,,
8/12/2010,8,2010,4.565,,,,,,
8/13/2010,8,2010,4.5575,,,,,,
8/16/2010,8,2010,4.5675,,,,,,
8/17/2010,8,2010,4.57,,,,,,
8/18/2010,8,2010,4.57,,,,,,
8/19/2010,8,2010,4.5675,,,,,,
8/20/2010,8,2010,4.57,,,,,,
8/23/2010,8,2010,4.565,,,,,,
8/24/2010,8,2010,4.565,,,,,,
8/25/2010,8,2010,4.565,,,,,,
8/26/2010,8,2010,4.5575,,,,,,
8/27/2010,8,2010,4.555,,,,,,
8/31/2010,8,2010,4.5525,,,,,,
9/1/2010,9,2010,4.55,,,,,,
9/2/2010,9,2010,4.5625,,,,,,
9/3/2010,9,2010,4.5675,,,,,,
9/6/2010,9,2010,4.5725,,,,,,
9/7/2010,9,2010,4.5675,,,,,,
9/8/2010,9,2010,4.5725,,,,,,
9/9/2010,9,2010,4.5525,,,,,,
9/10/2010,9,2010,4.5525,,,,,,
9/13/2010,9,2010,4.5525,,,,,,
9/14/2010,9,2010,4.5525,,,,,,
9/15/2010,9,2010,4.545,,,,,,
9/16/2010,9,2010,4.5425,,,,,,
9/17/2010,9,2010,4.5475,,,,,,
9/20/2010,9,2010,4.5475,,,,,,
9/21/2010,9,2010,4.5375,,,,,,
9/22/2010,9,2010,4.535,,,,,,
9/23/2010,9,2010,4.55,,,,,,
9/24/2010,9,2010,4.55,,,,,,
9/27/2010,9,2010,4.55,,,,,,
9/28/2010,9,2010,4.555,,,,,,
9/29/2010,9,2010,4.5525,,,,,,
9/30/2010,9,2010,4.55,,,,,,
10/1/2010,10,2010,4.55,,,,,,
10/4/2010,10,2010,4.555,,,,,,
10/5/2010,10,2010,4.5275,,,,,,
10/6/2010,10,2010,4.505,,,,,,
10/7/2010,10,2010,4.505,,,,,,
10/8/2010,10,2010,4.5025,,,,,,
10/11/2010,10,2010,4.5,,,,,,
10/12/2010,10,2010,4.5,,,,,,
10/13/2010,10,2010,4.5,,,,,,
10/14/2010,10,2010,4.5,,,,,,
10/15/2010,10,2010,4.5,,,,,,
10/18/2010,10,2010,4.5,,,,,,
10/19/2010,10,2010,4.5,,,,,,
10/20/2010,10,2010,4.5,,,,,,
10/21/2010,10,2010,4.5,,,,,,
10/22/2010,10,2010,4.5,,,,,,
10/25/2010,10,2010,4.5,,,,,,
10/26/2010,10,2010,4.5,,,,,,
10/27/2010,10,2010,4.4925,,,,,,
10/28/2010,10,2010,4.4875,,,,,,
10/29/2010,10,2010,4.4875,,,,,,
11/1/2010,11,2010,4.48,,,,,,
11/2/2010,11,2010,4.745,,,,,,
11/3/2010,11,2010,4.7475,,,,,,
11/4/2010,11,2010,4.7475,,,,,,
11/5/2010,11,2010,4.75,,,,,,
11/8/2010,11,2010,4.75,,,,,,
11/9/2010,11,2010,4.75,,,,,,
11/10/2010,11,2010,4.7525,,,,,,
11/11/2010,11,2010,4.75,,,,,,
11/12/2010,11,2010,4.75,,,,,,
11/15/2010,11,2010,4.75,,,,,,
11/16/2010,11,2010,4.75,,,,,,
11/17/2010,11,2010,4.75,,,,,,
11/18/2010,11,2010,4.75,,,,,,
11/19/2010,11,2010,4.75,,,,,,
11/22/2010,11,2010,4.75,,,,,,
11/23/2010,11,2010,4.75,,,,,,
11/24/2010,11,2010,4.75,,,,,,
11/25/2010,11,2010,4.7575,,,,,,
11/26/2010,11,2010,4.755,,,,,,
11/29/2010,11,2010,4.7525,,,,,,
11/30/2010,11,2010,4.75,,,,,,
12/1/2010,12,2010,4.75,,,,,,
12/2/2010,12,2010,4.75,,,,,,
12/3/2010,12,2010,4.755,,,,,,
12/6/2010,12,2010,4.7625,,,,,,
12/7/2010,12,2010,4.8025,,,,,,
12/8/2010,12,2010,4.8125,,,,,,
12/9/2010,12,2010,4.82,,,,,,
12/10/2010,12,2010,4.8225,,,,,,
12/13/2010,12,2010,4.8575,,,,,,
12/14/2010,12,2010,4.95,,,,,,
12/15/2010,12,2010,4.9625,,,,,,
12/16/2010,12,2010,4.915,,,,,,
12/17/2010,12,2010,4.9,,,,,,
12/20/2010,12,2010,4.9,,,,,,
12/21/2010,12,2010,4.8625,,,,,,
12/22/2010,12,2010,4.8625,,,,,,
12/23/2010,12,2010,4.8625,,,,,,
12/24/2010,12,2010,4.865,,,,,,
12/29/2010,12,2010,4.855,,,,,,
12/30/2010,12,2010,4.835,,,,,,
12/31/2010,12,2010,4.845,,,,,,
1/4/2011,1,2011,4.81,,,,,,
1/5/2011,1,2011,4.805,,,,,,
1/6/2011,1,2011,4.805,,,,,,
1/7/2011,1,2011,4.8175,,,,,,
1/10/2011,1,2011,4.82,,,,,,
1/11/2011,1,2011,4.82,,,,,,
1/12/2011,1,2011,4.88,,,,,,
1/13/2011,1,2011,4.895,,,,,,
1/14/2011,1,2011,4.8825,,,,,,
1/17/2011,1,2011,4.8825,,,,,,
1/18/2011,1,2011,4.87,,,,,,
1/19/2011,1,2011,4.87,,,,,,
1/20/2011,1,2011,4.87,,,,,,
1/21/2011,1,2011,4.865,,,,,,
1/24/2011,1,2011,4.8525,,,,,,
1/25/2011,1,2011,4.84,,,,,,
1/26/2011,1,2011,4.835,,,,,,
1/27/2011,1,2011,4.8125,,,,,,
1/28/2011,1,2011,4.7775,,,,,,
1/31/2011,1,2011,4.7725,,,,,,
2/1/2011,2,2011,4.7875,,,,,,
2/2/2011,2,2011,4.78,,,,,,
2/3/2011,2,2011,4.775,,,,,,
2/4/2011,2,2011,4.775,,,,,,
2/7/2011,2,2011,4.775,,,,,,
2/8/2011,2,2011,4.775,,,,,,
2/9/2011,2,2011,4.775,,,,,,
2/10/2011,2,2011,4.775,,,,,,
2/11/2011,2,2011,4.775,,,,,,
2/14/2011,2,2011,4.7825,,,,,,
2/15/2011,2,2011,4.7825,,,,,,
2/16/2011,2,2011,4.775,,,,,,
2/17/2011,2,2011,4.775,,,,,,
2/18/2011,2,2011,4.775,,,,,,
2/21/2011,2,2011,4.775,,,,,,
2/22/2011,2,2011,4.775,,,,,,
2/23/2011,2,2011,4.775,,,,,,
2/24/2011,2,2011,4.765,,,,,,
2/25/2011,2,2011,4.7625,,,,,,
2/28/2011,2,2011,4.7525,,,,,,
3/1/2011,3,2011,4.7525,,,,,,
3/2/2011,3,2011,4.75,,,,,,
3/3/2011,3,2011,4.7375,,,,,,
3/4/2011,3,2011,4.74,,,,,,
3/7/2011,3,2011,4.745,,,,,,
3/8/2011,3,2011,4.7475,,,,,,
3/9/2011,3,2011,4.765,,,,,,
3/10/2011,3,2011,4.7625,,,,,,
3/11/2011,3,2011,4.7675,,,,,,
3/14/2011,3,2011,4.7625,,,,,,
3/15/2011,3,2011,4.7525,,,,,,
3/16/2011,3,2011,4.7375,,,,,,
3/17/2011,3,2011,4.735,,,,,,
3/18/2011,3,2011,4.735,,,,,,
3/21/2011,3,2011,4.735,,,,,,
3/22/2011,3,2011,4.735,,,,,,
3/23/2011,3,2011,4.7275,,,,,,
3/24/2011,3,2011,4.725,,,,,,
3/25/2011,3,2011,4.73,,,,,,
3/28/2011,3,2011,4.73,,,,,,
3/29/2011,3,2011,4.73,,,,,,
3/30/2011,3,2011,4.73,,,,,,
3/31/2011,3,2011,4.73,,,,,,
4/1/2011,4,2011,4.73,,,,,,
4/4/2011,4,2011,4.745,,,,,,
4/5/2011,4,2011,4.76,,,,,,
4/6/2011,4,2011,4.76,,,,,,
4/7/2011,4,2011,4.755,,,,,,
4/8/2011,4,2011,4.755,,,,,,
4/11/2011,4,2011,4.755,,,,,,
4/12/2011,4,2011,4.755,,,,,,
4/13/2011,4,2011,4.755,,,,,,
4/14/2011,4,2011,4.7575,,,,,,
4/15/2011,4,2011,4.7575,,,,,,
4/18/2011,4,2011,4.75875,,,,,,
4/19/2011,4,2011,4.76125,,,,,,
4/20/2011,4,2011,4.76125,,,,,,
4/21/2011,4,2011,4.76125,,,,,,
4/26/2011,4,2011,4.76125,,,,,,
4/27/2011,4,2011,4.75875,,,,,,
4/28/2011,4,2011,4.75125,,,,,,
5/3/2011,5,2011,4.7425,,,,,,
5/4/2011,5,2011,4.72,,,,,,
5/5/2011,5,2011,4.74375,,,,,,
5/6/2011,5,2011,4.75625,,,,,,
5/9/2011,5,2011,4.75875,,,,,,
5/10/2011,5,2011,4.75625,,,,,,
5/11/2011,5,2011,4.75625,,,,,,
5/12/2011,5,2011,4.75625,,,,,,
5/13/2011,5,2011,4.7525,,,,,,
5/16/2011,5,2011,4.75375,,,,,,
5/17/2011,5,2011,4.75,,,,,,
5/18/2011,5,2011,4.74875,,,,,,
5/19/2011,5,2011,4.74875,,,,,,
5/20/2011,5,2011,4.74875,,,,,,
5/23/2011,5,2011,4.75,,,,,,
5/24/2011,5,2011,4.75,,,,,,
5/25/2011,5,2011,4.75,,,,,,
5/26/2011,5,2011,4.7425,,,,,,
5/27/2011,5,2011,4.7475,,,,,,
5/31/2011,5,2011,4.75,,,,,,
6/1/2011,6,2011,4.75,,,,,,
6/2/2011,6,2011,4.75,,,,,,
6/3/2011,6,2011,4.75,,,,,,
6/6/2011,6,2011,4.75,,,,,,
6/7/2011,6,2011,4.75,,,,,,
6/8/2011,6,2011,4.75,,,,,,
6/9/2011,6,2011,4.75,,,,,,
6/10/2011,6,2011,4.75,,,,,,
6/13/2011,6,2011,4.75,,,,,,
6/14/2011,6,2011,4.75,,,,,,
6/15/2011,6,2011,4.75625,,,,,,
6/16/2011,6,2011,4.75,,,,,,
6/17/2011,6,2011,4.75,,,,,,
6/20/2011,6,2011,4.75125,,,,,,
6/21/2011,6,2011,4.75125,,,,,,
6/22/2011,6,2011,4.75,,,,,,
6/23/2011,6,2011,4.75,,,,,,
6/24/2011,6,2011,4.75125,,,,,,
6/27/2011,6,2011,4.75,,,,,,
6/28/2011,6,2011,4.75,,,,,,
6/29/2011,6,2011,4.7375,,,,,,
6/30/2011,6,2011,4.73,,,,,,
7/1/2011,7,2011,4.73125,,,,,,
7/4/2011,7,2011,4.74125,,,,,,
7/5/2011,7,2011,4.7425,,,,,,
7/6/2011,7,2011,4.7425,,,,,,
7/7/2011,7,2011,4.745,,,,,,
7/8/2011,7,2011,4.745,,,,,,
7/11/2011,7,2011,4.7475,,,,,,
7/12/2011,7,2011,4.7425,,,,,,
7/13/2011,7,2011,4.7425,,,,,,
7/14/2011,7,2011,4.7475,,,,,,
7/15/2011,7,2011,4.75,,,,,,
7/18/2011,7,2011,4.75,,,,,,
7/19/2011,7,2011,4.75625,,,,,,
7/20/2011,7,2011,4.76375,,,,,,
7/21/2011,7,2011,4.76125,,,,,,
7/22/2011,7,2011,4.75375,,,,,,
7/25/2011,7,2011,4.75375,,,,,,
7/26/2011,7,2011,4.75125,,,,,,
7/27/2011,7,2011,4.75875,,,,,,
7/28/2011,7,2011,4.76125,,,,,,
7/29/2011,7,2011,4.76875,,,,,,
8/1/2011,8,2011,4.77125,,,,,,
8/2/2011,8,2011,4.78875,,,,,,
8/3/2011,8,2011,4.76625,,,,,,
8/4/2011,8,2011,4.76125,,,,,,
8/5/2011,8,2011,4.76625,,,,,,
8/8/2011,8,2011,4.76875,,,,,,
8/9/2011,8,2011,4.7925,,,,,,
8/10/2011,8,2011,4.7975,,,,,,
8/11/2011,8,2011,4.81,,,,,,
8/12/2011,8,2011,4.82,,,,,,
8/15/2011,8,2011,4.8225,,,,,,
8/16/2011,8,2011,4.8175,,,,,,
8/17/2011,8,2011,4.8175,,,,,,
8/18/2011,8,2011,4.8175,,,,,,
8/19/2011,8,2011,4.82,,,,,,
8/22/2011,8,2011,4.83,,,,,,
8/23/2011,8,2011,4.835,,,,,,
8/24/2011,8,2011,4.8375,,,,,,
8/25/2011,8,2011,4.83425,,,,,,
8/26/2011,8,2011,4.83425,,,,,,
8/30/2011,8,2011,4.8475,,,,,,
8/31/2011,8,2011,4.8525,,,,,,
9/1/2011,9,2011,4.8525,,,,,,
9/2/2011,9,2011,4.845,,,,,,
9/5/2011,9,2011,4.845,,,,,,
9/6/2011,9,2011,4.8475,,,,,,
9/7/2011,9,2011,4.8475,,,,,,
9/8/2011,9,2011,4.8475,,,,,,
9/9/2011,9,2011,4.845,,,,,,
9/12/2011,9,2011,4.83425,,,,,,
9/13/2011,9,2011,4.82425,,,,,,
9/14/2011,9,2011,4.81425,,,,,,
9/15/2011,9,2011,4.81175,,,,,,
9/16/2011,9,2011,4.8025,,,,,,
9/19/2011,9,2011,4.8,,,,,,
9/20/2011,9,2011,4.80175,,,,,,
9/21/2011,9,2011,4.80175,,,,,,
9/22/2011,9,2011,4.80175,,,,,,
9/23/2011,9,2011,4.80175,,,,,,
9/26/2011,9,2011,4.80175,,,,,,
9/27/2011,9,2011,4.79675,,,,,,
9/28/2011,9,2011,4.79675,,,,,,
9/29/2011,9,2011,4.79675,,,,,,
9/30/2011,9,2011,4.80175,,,,,,
10/3/2011,10,2011,4.80175,,,,,,
10/4/2011,10,2011,4.81,,,,,,
10/5/2011,10,2011,4.83925,,,,,,
10/6/2011,10,2011,4.85925,,,,,,
10/7/2011,10,2011,4.85925,,,,,,
10/10/2011,10,2011,4.86425,,,,,,
10/11/2011,10,2011,4.83925,,,,,,
10/12/2011,10,2011,4.83425,,,,,,
10/13/2011,10,2011,4.83175,,,,,,
10/14/2011,10,2011,4.83175,,,,,,
10/17/2011,10,2011,4.83175,,,,,,
10/18/2011,10,2011,4.83175,,,,,,
10/19/2011,10,2011,4.83175,,,,,,
10/20/2011,10,2011,4.83675,,,,,,
10/21/2011,10,2011,4.83925,,,,,,
10/24/2011,10,2011,4.83925,,,,,,
10/25/2011,10,2011,4.83925,,,,,,
10/26/2011,10,2011,4.83925,,,,,,
10/27/2011,10,2011,4.83925,,,,,,
10/28/2011,10,2011,4.83925,,,,,,
10/31/2011,10,2011,4.83925,,,,,,
11/1/2011,11,2011,4.6375,,,,,,
11/2/2011,11,2011,4.635,,,,,,
11/3/2011,11,2011,4.615,,,,,,
11/4/2011,11,2011,4.61,,,,,,
11/7/2011,11,2011,4.6075,,,,,,
11/8/2011,11,2011,4.6,,,,,,
11/9/2011,11,2011,4.595,,,,,,
11/10/2011,11,2011,4.59,,,,,,
11/11/2011,11,2011,4.5925,,,,,,
11/14/2011,11,2011,4.5925,,,,,,
11/15/2011,11,2011,4.595,,,,,,
11/16/2011,11,2011,4.595,,,,,,
11/17/2011,11,2011,4.5975,,,,,,
11/18/2011,11,2011,4.5975,,,,,,
11/21/2011,11,2011,4.59875,,,,,,
11/22/2011,11,2011,4.59875,,,,,,
11/23/2011,11,2011,4.60375,,,,,,
11/24/2011,11,2011,4.61625,,,,,,
11/25/2011,11,2011,4.62125,,,,,,
11/28/2011,11,2011,4.60875,,,,,,
11/29/2011,11,2011,4.62625,,,,,,
11/30/2011,11,2011,4.63125,,,,,,
12/1/2011,12,2011,4.63125,,,,,,
12/2/2011,12,2011,4.62375,,,,,,
12/5/2011,12,2011,4.612,,,,,,
12/6/2011,12,2011,4.446,,,,,,
12/7/2011,12,2011,4.41,,,,,,
12/8/2011,12,2011,4.392,,,,,,
12/9/2011,12,2011,4.394,,,,,,
12/12/2011,12,2011,4.398,,,,,,
12/13/2011,12,2011,4.41,,,,,,
12/14/2011,12,2011,4.412,,,,,,
12/15/2011,12,2011,4.412,,,,,,
12/16/2011,12,2011,4.422,,,,,,
12/19/2011,12,2011,4.424,,,,,,
12/20/2011,12,2011,4.438,,,,,,
12/21/2011,12,2011,4.462,,,,,,
12/22/2011,12,2011,4.466,,,,,,
12/23/2011,12,2011,4.468,,,,,,
12/28/2011,12,2011,4.474,,,,,,
12/29/2011,12,2011,4.474,,,,,,
12/30/2011,12,2011,4.474,,,,,,
1/3/2012,1,2012,4.454,,,,,,
1/4/2012,1,2012,4.45,,,,,,
1/5/2012,1,2012,4.424,,,,,,
1/6/2012,1,2012,4.41,,,,,,
1/9/2012,1,2012,4.398,,,,,,
1/10/2012,1,2012,4.392,,,,,,
1/11/2012,1,2012,4.41,,,,,,
1/12/2012,1,2012,4.442,,,,,,
1/13/2012,1,2012,4.408,,,,,,
1/16/2012,1,2012,4.418,,,,,,
1/17/2012,1,2012,4.416,,,,,,
1/18/2012,1,2012,4.434,,,,,,
1/19/2012,1,2012,4.45,,,,,,
1/20/2012,1,2012,4.454,,,,,,
1/23/2012,1,2012,4.454,,,,,,
1/24/2012,1,2012,4.434,,,,,,
1/25/2012,1,2012,4.426,,,,,,
1/26/2012,1,2012,4.422,,,,,,
1/27/2012,1,2012,4.41,,,,,,
1/30/2012,1,2012,4.408,,,,,,
1/31/2012,1,2012,4.408,,,,,,
2/1/2012,2,2012,4.416,,,,,,
2/2/2012,2,2012,4.418,,,,,,
2/3/2012,2,2012,4.418,,,,,,
2/6/2012,2,2012,4.418,,,,,,
2/7/2012,2,2012,4.418,,,,,,
2/8/2012,2,2012,4.418,,,,,,
2/9/2012,2,2012,4.418,,,,,,
2/10/2012,2,2012,4.418,,,,,,
2/13/2012,2,2012,4.418,,,,,,
2/14/2012,2,2012,4.414,,,,,,
2/15/2012,2,2012,4.412,,,,,,
2/16/2012,2,2012,4.412,,,,,,
2/17/2012,2,2012,4.412,,,,,,
2/20/2012,2,2012,4.412,,,,,,
2/21/2012,2,2012,4.402,,,,,,
2/22/2012,2,2012,4.4,,,,,,
2/23/2012,2,2012,4.4,,,,,,
2/24/2012,2,2012,4.4,,,,,,
2/27/2012,2,2012,4.396,,,,,,
2/28/2012,2,2012,4.39,,,,,,
2/29/2012,2,2012,4.388,,,,,,
3/1/2012,3,2012,4.388,,,,,,
3/2/2012,3,2012,4.388,,,,,,
3/5/2012,3,2012,4.388,,,,,,
3/6/2012,3,2012,4.388,,,,,,
3/7/2012,3,2012,4.388,,,,,,
3/8/2012,3,2012,4.388,,,,,,
3/9/2012,3,2012,4.398,,,,,,
3/12/2012,3,2012,4.412,,,,,,
3/13/2012,3,2012,4.414,,,,,,
3/14/2012,3,2012,4.418,,,,,,
3/15/2012,3,2012,4.42,,,,,,
3/16/2012,3,2012,4.42,,,,,,
3/19/2012,3,2012,4.42,,,,,,
3/20/2012,3,2012,4.424,,,,,,
3/21/2012,3,2012,4.424,,,,,,
3/22/2012,3,2012,4.424,,,,,,
3/23/2012,3,2012,4.424,,,,,,
3/26/2012,3,2012,4.424,,,,,,
3/27/2012,3,2012,4.424,,,,,,
3/28/2012,3,2012,4.424,,,,,,
3/29/2012,3,2012,4.422,,,,,,
3/30/2012,3,2012,4.42,,,,,,
4/2/2012,4,2012,4.42,,,,,,
4/3/2012,4,2012,4.42,,,,,,
4/4/2012,4,2012,4.42,,,,,,
4/5/2012,4,2012,4.42,,,,,,
4/10/2012,4,2012,4.42,,,,,,
4/11/2012,4,2012,4.416,,,,,,
4/12/2012,4,2012,4.41,,,,,,
4/13/2012,4,2012,4.406,,,,,,
4/16/2012,4,2012,4.404,,,,,,
4/17/2012,4,2012,4.394,,,,,,
4/18/2012,4,2012,4.38,,,,,,
4/19/2012,4,2012,4.378,,,,,,
4/20/2012,4,2012,4.394,,,,,,
4/23/2012,4,2012,4.394,,,,,,
4/24/2012,4,2012,4.38,,,,,,
4/25/2012,4,2012,4.374,,,,,,
4/26/2012,4,2012,4.368,,,,,,
4/27/2012,4,2012,4.366,,,,,,
4/30/2012,4,2012,4.346,,,,,,
5/1/2012,5,2012,3.94,,,,,,
5/2/2012,5,2012,3.928,,,,,,
5/3/2012,5,2012,3.908,,,,,,
5/4/2012,5,2012,3.902,,,,,,
5/8/2012,5,2012,3.9,,,,,,
5/9/2012,5,2012,3.9,,,,,,
5/10/2012,5,2012,3.9,,,,,,
5/11/2012,5,2012,3.898,,,,,,
5/14/2012,5,2012,3.898,,,,,,
5/15/2012,5,2012,3.898,,,,,,
5/16/2012,5,2012,3.902,,,,,,
5/17/2012,5,2012,3.912,,,,,,
5/18/2012,5,2012,3.918,,,,,,
5/21/2012,5,2012,3.928,,,,,,
5/22/2012,5,2012,3.92,,,,,,
5/23/2012,5,2012,3.906,,,,,,
5/24/2012,5,2012,3.904,,,,,,
5/25/2012,5,2012,3.904,,,,,,
5/28/2012,5,2012,3.902,,,,,,
5/29/2012,5,2012,3.9,,,,,,
5/30/2012,5,2012,3.898,,,,,,
5/31/2012,5,2012,3.898,,,,,,
6/1/2012,6,2012,3.898,,,,,,
6/4/2012,6,2012,NA,,,,,,
6/5/2012,6,2012,NA,,,,,,
6/6/2012,6,2012,3.722,,,,,,
6/7/2012,6,2012,3.722,,,,,,
6/8/2012,6,2012,3.712,,,,,,
6/11/2012,6,2012,3.71,,,,,,
6/12/2012,6,2012,3.706,,,,,,
6/13/2012,6,2012,3.706,,,,,,
6/14/2012,6,2012,3.706,,,,,,
6/15/2012,6,2012,3.706,,,,,,
6/18/2012,6,2012,3.696,,,,,,
6/19/2012,6,2012,3.69,,,,,,
6/20/2012,6,2012,3.684,,,,,,
6/21/2012,6,2012,3.678,,,,,,
6/22/2012,6,2012,3.678,,,,,,
6/25/2012,6,2012,3.676,,,,,,
6/26/2012,6,2012,3.676,,,,,,
6/27/2012,6,2012,3.686,,,,,,
6/28/2012,6,2012,3.688,,,,,,
6/29/2012,6,2012,3.688,,,,,,
7/2/2012,7,2012,3.688,,,,,,
7/3/2012,7,2012,3.688,,,,,,
7/4/2012,7,2012,3.688,,,,,,
7/5/2012,7,2012,3.678,,,,,,
7/6/2012,7,2012,3.676,,,,,,
7/9/2012,7,2012,3.674,,,,,,
7/10/2012,7,2012,3.672,,,,,,
7/11/2012,7,2012,3.672,,,,,,
7/12/2012,7,2012,3.67,,,,,,
7/13/2012,7,2012,3.658,,,,,,
7/16/2012,7,2012,3.652,,,,,,
7/17/2012,7,2012,3.642,,,,,,
7/18/2012,7,2012,3.626,,,,,,
7/19/2012,7,2012,3.624,,,,,,
7/20/2012,7,2012,3.618,,,,,,
7/23/2012,7,2012,3.614,,,,,,
7/24/2012,7,2012,3.612,,,,,,
7/25/2012,7,2012,3.604,,,,,,
7/26/2012,7,2012,3.598,,,,,,
7/27/2012,7,2012,3.598,,,,,,
7/30/2012,7,2012,3.592,,,,,,
7/31/2012,7,2012,3.59,,,,,,
8/1/2012,8,2012,3.586,,,,,,
8/2/2012,8,2012,3.586,,,,,,
8/3/2012,8,2012,3.582,,,,,,
8/6/2012,8,2012,3.574,,,,,,
8/7/2012,8,2012,3.57,,,,,,
8/8/2012,8,2012,3.57,,,,,,
8/9/2012,8,2012,3.57,,,,,,
8/10/2012,8,2012,3.57,,,,,,
8/13/2012,8,2012,3.57,,,,,,
8/14/2012,8,2012,3.568,,,,,,
8/15/2012,8,2012,3.568,,,,,,
8/16/2012,8,2012,3.568,,,,,,
8/17/2012,8,2012,3.568,,,,,,
8/20/2012,8,2012,3.568,,,,,,
8/21/2012,8,2012,3.568,,,,,,
8/22/2012,8,2012,3.568,,,,,,
8/23/2012,8,2012,3.568,,,,,,
8/24/2012,8,2012,3.566,,,,,,
8/27/2012,8,2012,NA,,,,,,
8/28/2012,8,2012,3.564,,,,,,
8/29/2012,8,2012,3.568,,,,,,
8/30/2012,8,2012,3.568,,,,,,
8/31/2012,8,2012,3.568,,,,,,
9/3/2012,9,2012,3.568,,,,,,
9/4/2012,9,2012,3.568,,,,,,
9/5/2012,9,2012,3.578,,,,,,
9/6/2012,9,2012,3.59,,,,,,
9/7/2012,9,2012,3.592,,,,,,
9/10/2012,9,2012,3.582,,,,,,
9/11/2012,9,2012,3.572,,,,,,
9/12/2012,9,2012,3.568,,,,,,
9/13/2012,9,2012,3.578,,,,,,
9/14/2012,9,2012,3.58,,,,,,
9/17/2012,9,2012,3.57,,,,,,
9/18/2012,9,2012,3.568,,,,,,
9/19/2012,9,2012,3.566,,,,,,
9/20/2012,9,2012,3.566,,,,,,
9/21/2012,9,2012,3.564,,,,,,
9/24/2012,9,2012,3.554,,,,,,
9/25/2012,9,2012,3.544,,,,,,
9/26/2012,9,2012,3.542,,,,,,
9/27/2012,9,2012,3.54,,,,,,
9/28/2012,9,2012,3.54,,,,,,
10/1/2012,10,2012,3.534,,,,,,
10/2/2012,10,2012,3.376,,,,,,
10/3/2012,10,2012,3.352,,,,,,
10/4/2012,10,2012,3.346,,,,,,
10/5/2012,10,2012,3.346,,,,,,
10/8/2012,10,2012,3.346,,,,,,
10/9/2012,10,2012,3.33,,,,,,
10/10/2012,10,2012,3.278,,,,,,
10/11/2012,10,2012,3.254,,,,,,
10/12/2012,10,2012,3.25,,,,,,
10/15/2012,10,2012,3.244,,,,,,
10/16/2012,10,2012,3.236,,,,,,
10/17/2012,10,2012,3.224,,,,,,
10/18/2012,10,2012,3.224,,,,,,
10/19/2012,10,2012,3.22,,,,,,
10/22/2012,10,2012,3.214,,,,,,
10/23/2012,10,2012,3.21,,,,,,
10/24/2012,10,2012,3.21,,,,,,
10/25/2012,10,2012,3.21,,,,,,
10/26/2012,10,2012,3.21,,,,,,
10/29/2012,10,2012,3.21,,,,,,
10/30/2012,10,2012,3.21,,,,,,
10/31/2012,10,2012,3.208,,,,,,
11/1/2012,11,2012,3.208,,,,,,
11/2/2012,11,2012,3.208,,,,,,
11/5/2012,11,2012,3.216,,,,,,
11/6/2012,11,2012,3.216,,,,,,
11/7/2012,11,2012,3.226,,,,,,
11/8/2012,11,2012,3.212,,,,,,
11/9/2012,11,2012,3.204,,,,,,
11/12/2012,11,2012,3.196,,,,,,
11/13/2012,11,2012,3.15,,,,,,
11/14/2012,11,2012,3.128,,,,,,
11/15/2012,11,2012,3.13,,,,,,
11/16/2012,11,2012,3.14,,,,,,
11/19/2012,11,2012,3.152,,,,,,
11/20/2012,11,2012,3.17,,,,,,
11/21/2012,11,2012,3.194,,,,,,
11/22/2012,11,2012,3.202,,,,,,
11/23/2012,11,2012,3.208,,,,,,
11/26/2012,11,2012,3.21,,,,,,
11/27/2012,11,2012,3.214,,,,,,
11/28/2012,11,2012,3.214,,,,,,
11/29/2012,11,2012,3.214,,,,,,
11/30/2012,11,2012,3.21,,,,,,
12/3/2012,12,2012,3.186,,,,,,
12/4/2012,12,2012,3.082,,,,,,
12/5/2012,12,2012,3.054,,,,,,
12/6/2012,12,2012,3.054,,,,,,
12/7/2012,12,2012,3.056,,,,,,
12/10/2012,12,2012,3.052,,,,,,
12/11/2012,12,2012,3.038,,,,,,
12/12/2012,12,2012,3.01,,,,,,
12/13/2012,12,2012,2.998,,,,,,
12/14/2012,12,2012,2.994,,,,,,
12/17/2012,12,2012,2.98,,,,,,
12/18/2012,12,2012,2.972,,,,,,
12/19/2012,12,2012,2.968,,,,,,
12/20/2012,12,2012,2.966,,,,,,
12/21/2012,12,2012,2.99,,,,,,
12/24/2012,12,2012,2.986,,,,,,
12/27/2012,12,2012,2.99,,,,,,
12/28/2012,12,2012,2.99,,,,,,
12/31/2012,12,2012,2.986,,,,,,
1/2/2013,1,2013,2.97,,,,,,
1/3/2013,1,2013,2.96,,,,,,
1/4/2013,1,2013,2.956,,,,,,
1/7/2013,1,2013,2.974,,,,,,
1/8/2013,1,2013,2.99,,,,,,
1/9/2013,1,2013,3.008,,,,,,
1/10/2013,1,2013,3.01,,,,,,
1/11/2013,1,2013,3.016,,,,,,
1/14/2013,1,2013,3.016,,,,,,
1/15/2013,1,2013,3.022,,,,,,
1/16/2013,1,2013,3.018,,,,,,
1/17/2013,1,2013,3.016,,,,,,
1/18/2013,1,2013,3.024,,,,,,
1/21/2013,1,2013,3.03,,,,,,
1/22/2013,1,2013,3.032,,,,,,
1/23/2013,1,2013,3.026,,,,,,
1/24/2013,1,2013,3.018,,,,,,
1/25/2013,1,2013,3.008,,,,,,
1/28/2013,1,2013,3.002,,,,,,
1/29/2013,1,2013,3,,,,,,
1/30/2013,1,2013,3.002,,,,,,
1/31/2013,1,2013,3.002,,,,,,
2/1/2013,2,2013,3.002,,,,,,
2/4/2013,2,2013,3,,,,,,
2/5/2013,2,2013,3,,,,,,
2/6/2013,2,2013,3.004,,,,,,
2/7/2013,2,2013,3.008,,,,,,
2/8/2013,2,2013,3.014,,,,,,
2/11/2013,2,2013,3.018,,,,,,
2/12/2013,2,2013,3.02,,,,,,
2/13/2013,2,2013,3.016,,,,,,
2/14/2013,2,2013,3.008,,,,,,
2/15/2013,2,2013,3.004,,,,,,
2/18/2013,2,2013,3.002,,,,,,
2/19/2013,2,2013,2.996,,,,,,
2/20/2013,2,2013,2.996,,,,,,
2/21/2013,2,2013,2.996,,,,,,
2/22/2013,2,2013,2.996,,,,,,
2/25/2013,2,2013,2.996,,,,,,
2/26/2013,2,2013,2.992,,,,,,
2/27/2013,2,2013,2.992,,,,,,
2/28/2013,2,2013,2.99,,,,,,
3/1/2013,3,2013,2.99,,,,,,
3/4/2013,3,2013,2.986,,,,,,
3/5/2013,3,2013,2.972,,,,,,
3/6/2013,3,2013,2.962,,,,,,
3/7/2013,3,2013,2.954,,,,,,
3/8/2013,3,2013,2.952,,,,,,
3/11/2013,3,2013,2.956,,,,,,
3/12/2013,3,2013,2.958,,,,,,
3/13/2013,3,2013,2.966,,,,,,
3/14/2013,3,2013,2.968,,,,,,
3/15/2013,3,2013,2.97,,,,,,
3/18/2013,3,2013,2.964,,,,,,
3/19/2013,3,2013,2.96,,,,,,
3/20/2013,3,2013,2.96,,,,,,
3/21/2013,3,2013,2.968,,,,,,
3/22/2013,3,2013,2.97,,,,,,
3/25/2013,3,2013,2.974,,,,,,
3/26/2013,3,2013,2.99,,,,,,
3/27/2013,3,2013,2.98,,,,,,
3/28/2013,3,2013,2.972,,,,,,
4/2/2013,4,2013,2.97,,,,,,
4/3/2013,4,2013,2.968,,,,,,
4/4/2013,4,2013,2.968,,,,,,
4/5/2013,4,2013,2.964,,,,,,
4/8/2013,4,2013,2.96,,,,,,
4/9/2013,4,2013,2.96,,,,,,
4/10/2013,4,2013,2.962,,,,,,
4/11/2013,4,2013,2.97,,,,,,
4/12/2013,4,2013,2.976,,,,,,
4/15/2013,4,2013,2.978,,,,,,
4/16/2013,4,2013,2.978,,,,,,
4/17/2013,4,2013,2.982,,,,,,
4/18/2013,4,2013,2.982,,,,,,
4/19/2013,4,2013,2.982,,,,,,
4/22/2013,4,2013,2.978,,,,,,
4/23/2013,4,2013,2.978,,,,,,
4/24/2013,4,2013,2.982,,,,,,
4/25/2013,4,2013,2.982,,,,,,
4/26/2013,4,2013,2.978,,,,,,
4/29/2013,4,2013,2.978,,,,,,
4/30/2013,4,2013,2.978,,,,,,
5/1/2013,5,2013,2.978,,,,,,
5/2/2013,5,2013,2.976,,,,,,
5/3/2013,5,2013,2.976,,,,,,
5/7/2013,5,2013,2.816,,,,,,
5/8/2013,5,2013,2.788,,,,,,
5/9/2013,5,2013,2.74,,,,,,
5/10/2013,5,2013,2.716,,,,,,
5/13/2013,5,2013,2.718,,,,,,
5/14/2013,5,2013,2.736,,,,,,
5/15/2013,5,2013,2.798,,,,,,
5/16/2013,5,2013,2.926,,,,,,
5/17/2013,5,2013,2.802,,,,,,
5/20/2013,5,2013,2.76,,,,,,
5/21/2013,5,2013,2.756,,,,,,
5/22/2013,5,2013,2.738,,,,,,
5/23/2013,5,2013,2.73,,,,,,
5/24/2013,5,2013,2.734,,,,,,
5/28/2013,5,2013,2.74,,,,,,
5/29/2013,5,2013,2.742,,,,,,
5/30/2013,5,2013,2.746,,,,,,
5/31/2013,5,2013,2.756,,,,,,
